Base_Variant,RSE_mean,RSE_std,RSE_count,IC50_mean,IC50_std,IC50_count,Pval_mean,Pval_std,Pval_count,Growth_Mode,Growth_Plus_Count,Growth_PlusMinus_Count,Growth_Minus_Count,Classification
185delAG,0.0626,0.0328,2,-1.496,0.8467,2,1.0,0.0,2,-,0,0,2,Deleterious
5382insC,0.0569,0.0175,3,-0.4628,0.8875,3,0.6667,0.5774,3,-,0,1,2,Deleterious
A1708E,0.0749,0.043,3,-0.6874,0.6195,3,1.0,0.0,3,-,0,1,2,Deleterious
A1789T,0.059,0.0223,3,-1.2067,0.2395,3,1.0,0.0,3,-,0,0,3,Deleterious
C1767S,0.0523,0.0136,2,1.4843,1.3963,2,0.0,0.0,2,+,2,0,0,Neutral
C61G,0.0678,0.0257,3,-0.8252,0.6411,3,1.0,0.0,3,+/-,0,2,1,Deleterious
C64G,0.1057,0.0433,4,-0.723,0.5371,4,1.0,0.0,4,-,0,0,4,Deleterious
D1739G,0.0683,0.0119,3,-1.2662,0.5705,3,1.0,0.0,3,-,0,0,3,Deleterious
D1739V,0.0769,0.0143,3,-0.636,0.6433,3,0.6868,0.5425,3,-,0,1,2,Deleterious
D245V,0.0341,,1,1.8975,,1,0.0,,1,+,1,0,0,Neutral
D67Y,0.0818,,1,1.4549,,1,0.0,,1,+,1,0,0,Neutral
D695N,0.0651,0.0013,2,1.5849,1.1794,2,0.0,0.0,2,+,2,0,0,Neutral
E1060A,0.0696,,1,1.9215,,1,0.0,,1,+,1,0,0,Neutral
E1214K,0.0589,,1,1.5939,,1,0.0,,1,+,1,0,0,Neutral
E1250K,0.1146,0.0844,3,1.1914,1.2992,3,0.0007,0.0012,3,+,3,0,0,Neutral
E1282V,0.0489,,1,0.8747,,1,0.0,,1,+,1,0,0,Neutral
E1346K,0.0509,,1,0.8768,,1,0.0,,1,+,1,0,0,Neutral
E1735K,0.112,0.0242,3,-1.4524,0.5425,3,1.0,0.0,3,-,0,0,3,Deleterious
E1794D,0.0744,,1,1.3308,,1,0.0,,1,+,1,0,0,Neutral
G1706A,0.056,,1,1.5162,,1,0.0,,1,+,1,0,0,Neutral
G1706E,0.0771,0.056,3,-0.6784,0.4569,3,1.0,0.0,3,+/-,0,2,1,Deleterious
G1770V,0.0643,0.023,3,-0.4447,0.4074,3,1.0,0.0,3,+/-,0,2,1,Deleterious
H1686Q,0.0806,0.0041,3,-1.1269,0.1298,3,1.0,0.0,3,-,0,0,3,Deleterious
H1686R,0.0813,0.0327,3,-1.2222,0.9267,3,1.0,0.0,3,+/-,0,2,1,Deleterious
H1746Q,0.061,0.006,3,-0.6442,0.7431,3,0.6687,0.5738,3,-,1,0,2,Deleterious
H1862L,0.0787,,1,1.5076,,1,0.0,,1,+,1,0,0,Neutral
K1110del,0.0924,0.0185,2,1.1062,0.1575,2,0.0,0.0,2,+,2,0,0,Neutral
K45Q,0.079,,1,2.9466,,1,0.0,,1,+,1,0,0,Neutral
L1267S,0.035,,1,2.7494,,1,0.0,,1,+,1,0,0,Neutral
L1407P,0.1087,0.0272,3,0.2432,0.2688,3,0.3334,0.5773,3,+,3,0,0,Neutral
L147F,0.0362,,1,1.4328,,1,0.0,,1,+,1,0,0,Neutral
L165P,0.0505,,1,1.268,,1,0.0,,1,+,1,0,0,Neutral
L1764P,0.0547,0.021,3,-0.7973,0.7786,3,0.8532,0.2543,3,-,0,1,2,Deleterious
L246V,0.0352,,1,1.7224,,1,0.0,,1,+,1,0,0,Neutral
L668F,0.0342,,1,2.0243,,1,0.0,,1,+,1,0,0,Neutral
M1008I,0.0691,,1,1.6555,,1,0.0,,1,+,1,0,0,Neutral
M1400V,0.0816,,1,1.6125,,1,0.0,,1,+,1,0,0,Neutral
M1411T,0.0525,,1,1.0698,,1,0.0,,1,+,1,0,0,Neutral
M1628T,0.0492,,1,2.1699,,1,0.0,,1,+,1,0,0,Neutral
M1652I,0.0575,,1,0.8336,,1,0.0,,1,+,1,0,0,Neutral
M18T,0.0863,0.021,3,-1.3609,0.6091,3,1.0,0.0,3,-,0,0,3,Deleterious
N1236K,0.0668,,1,2.2793,,1,0.0,,1,+,1,0,0,Neutral
N132K,0.0381,,1,1.7084,,1,0.0,,1,+,1,0,0,Neutral
N810Y,0.0466,,1,0.8292,,1,0.0,,1,+,1,0,0,Neutral
P142H,0.0518,,1,1.8785,,1,0.0,,1,+,1,0,0,Neutral
P1812R,0.0316,,1,1.8815,,1,0.0,,1,+,1,0,0,Neutral
P798L,0.0677,,1,0.9712,,1,0.0,,1,+,1,0,0,Neutral
R1443G,0.0584,,1,0.9479,,1,0.0,,1,+,1,0,0,Neutral
R1589P,0.0448,0.0083,2,1.0036,0.9853,2,0.0002,0.0004,2,+,2,0,0,Neutral
R1699Q,0.088,0.022,3,-0.433,0.2273,3,1.0,0.0,3,+,2,1,0,Deleterious
R1699W,0.0756,0.025,2,-1.198,0.6613,2,1.0,0.0,2,+/-,0,1,1,Deleterious
R170W,0.0607,0.0208,2,1.8972,0.768,2,0.0,0.0,2,+,2,0,0,Neutral
R1753T,0.0644,0.0311,4,0.056,0.6517,4,0.75,0.5,4,+/-,1,2,1,Deleterious
R358LXCXE,0.0368,,1,2.4925,,1,0.0,,1,+,1,0,0,Neutral
R841Q,0.0536,0.0049,2,1.8384,1.7009,2,0.0,0.0,2,+,2,0,0,Neutral
R866C,0.0471,,1,1.4701,,1,0.0,,1,+,1,0,0,Neutral
S1101N,0.0477,,1,0.9973,,1,0.0,,1,+,1,0,0,Neutral
S1140G,0.0478,,1,1.7748,,1,0.0,,1,+,1,0,0,Neutral
S1297del,0.0593,,1,1.2943,,1,0.0,,1,+,1,0,0,Neutral
S1301R,0.0979,,1,1.1843,,1,0.0,,1,+,1,0,0,Neutral
S1448G,0.0889,,1,2.478,,1,0.0,,1,+,1,0,0,Neutral
S1486C,0.035,0.0006,2,0.7011,0.0812,2,0.0,0.0,2,+,2,0,0,Neutral
S1497A,0.043,,1,1.544,,1,0.0,,1,+,1,0,0,Neutral
S1651F,0.0521,0.0284,4,0.1611,0.803,4,0.25,0.5,4,+,3,1,0,Neutral
S1651P,0.084,0.0162,3,-0.9982,0.9764,3,0.6796,0.5549,3,-,1,0,2,Deleterious
S1655F,0.0659,0.0176,5,-0.3181,0.3647,5,0.7272,0.4179,5,+/-,0,4,1,Deleterious
S186Y,0.0638,,1,1.7449,,1,0.0,,1,+,1,0,0,Neutral
S308A,0.1266,0.0021,2,2.2057,0.8929,2,0.0,0.0,2,+,2,0,0,Neutral
S4F,0.0706,0.0255,4,0.0676,0.5615,4,0.2798,0.4812,4,+,2,2,0,Deleterious
S988A,0.0686,,1,1.7358,,1,0.0,,1,+,1,0,0,Neutral
T1691I,0.0925,0.0188,3,-1.3664,0.7088,3,1.0,0.0,3,-,0,0,3,Deleterious
T1720A,0.0593,,1,1.7747,,1,0.0,,1,+,1,0,0,Neutral
T231M,0.0584,,1,0.8223,,1,0.0,,1,+,1,0,0,Neutral
T826K,0.0372,,1,1.7506,,1,0.0,,1,+,1,0,0,Neutral
V1378I,0.0557,,1,1.725,,1,0.0,,1,+,1,0,0,Neutral
V1534M,0.0746,,1,0.6665,,1,0.0,,1,+,1,0,0,Neutral
V1688del,0.0952,0.0363,3,-1.052,0.5444,3,1.0,0.0,3,+/-,0,2,1,Deleterious
V1736A,0.0548,0.0219,3,-0.0074,0.361,3,0.341,0.5708,3,+/-,0,3,0,Neutral
V1804D,0.0582,,1,1.0883,,1,0.0,,1,+,1,0,0,Neutral
V191I,0.0628,0.033,2,2.3469,0.2506,2,0.0,0.0,2,+,2,0,0,Neutral
V271L,0.0993,0.0503,3,2.7044,1.1496,3,0.0,0.0,3,+,3,0,0,Neutral
Vector,0.0732,0.0347,16,-0.7071,0.2423,16,1.0,0.0,16,-,0,0,16,Deleterious
W1718C,0.0603,0.0038,3,-1.1265,0.6261,3,1.0,0.0,3,-,0,0,3,Deleterious
W1782C,0.0646,,1,0.7391,,1,0.0,,1,+,1,0,0,Neutral
W1837R,0.0622,0.0043,2,-1.2076,0.1779,2,1.0,0.0,2,-,0,0,2,Deleterious
WT,0.0734,0.0253,16,0.7071,0.2677,16,0.0001,0.0002,16,+,16,0,0,Neutral
Y105C,0.0381,,1,1.3694,,1,0.0,,1,+,1,0,0,Neutral
Y856H,0.0644,,1,1.1639,,1,0.0,,1,+,1,0,0,Neutral
