VARIANT,PIF[HAT],PIF[DS],PIF[HAT+DS]a,Functional classification
K16R,0.2624,0.0584,0.0258,(F)
P168T,0.0026,0.2426,0,(F)
K169R,0.0148,0.4618,0.0038,(F)
V220Ifs,1,1,1,(NF)
F266L,0.0864,0.2936,0.0438,(F)
N277K,0.0018,0.0854,0,(F)
L452V,0.0024,0.0594,0,(F)
T598A,0.0008,0.0342,0,(F)
T598I,0.0036,0.1472,0,(F)
G637=,0.1164,0.0312,0.0002,(F)
Q742X,1,NA,1,(NF)
S869L,0.0078,0.033,0,(F)
N986S,0.0074,0.046,0,(F)
N986I,0.0024,0.1616,0,(F)
M1300I+1301Tdel,0.0076,0.0504,0,(F)
T1302del,0.0076,0.6654,0.0132,(F)
E1308X,1,NA,1,(NF)
S1479T,0.001,0.0654,0,(F)
F1524V,0,0.0436,0,(F)
G1529R,0.0176,0.1146,0,(F)
T1624A,0.011,0.9554,0.0518,(I)
V1643A,0.0032,0.071,0,(F)
D1781N,0.1906,0.0478,0.0038,(F)
D1781G,0.009,0.1744,0,(F)
N1880K,0.0086,0.0892,0.0052,(F)
S1882X,1,NA,1,(NF)
K1883N,0.0074,0.0458,0,(F)
I1884T,0.0386,0.768,0.154,(I)
S1926Rfs,1,NA,1,(NF)
H1996Y,0.0024,0.0428,0,(F)
L2106P,0.0084,0.161,0,(F)
S2152Y,0.0636,0.2396,0.0272,(F)
G2281V,0.015,0.0422,0.0008,(F)
D2312V,0.001,0.283,0,(F)
D2312E,0.0022,0.0374,0.0002,(F)
R2336L,0.196,0.7516,0.3642,(I)
R2336P,0.9684,0.977,0.999,(NF)
K2411T,0.0058,0.1364,0.0002,(F)
S2483G,0.044,0.11,0,(F)
S2483N,0.0038,0.1072,0,(F)
R2488Rfs,1,NA,1,(NF)
R2488K,0.0096,0.22,0.0048,(F)
R2488S,0.0022,0.059,0,(F)
D2489G,1,0.1672,1,(NF)
Q2561P,1,NA,1,(NF)
F2562L,1,NA,1,(NF)
G2585R,1,NA,1,(NF)
L2587F,0.002,0.0454,0,(F)
G2596R,1,NA,1,(NF)
G2596E,1,NA,1,(NF)
D2611G,1,NA,1,(NF)
N2622S,0.0192,0.3164,0.002,(F)
H2623R,1,NA,1,(NF)
K2630Q,1,NA,1,(NF)
L2647P,1,NA,1,(NF)
R2659G,1,NA,1,(NF)
R2659K,1,NA,1,(NF)
R2659T,1,NA,1,(NF)
S2670L,1,NA,1,(NF)
T2681R,0.0028,0.1666,0,(F)
L2686P,1,NA,1,(NF)
L2688P,1,NA,1,(NF)
S2691F,1,NA,1,(NF)
T2708Nfs,1,0.995,1,(NF)
L2721H,1,NA,1,(NF)
D2723A,1,NA,1,(NF)
D2723V,1,NA,1,(NF)
Y2726C,1,NA,1,(NF)
V2728I,0.0148,0.8716,0.1034,(I)
V2739I,0.0302,0.0506,0,(F)
L2740X,1,NA,1,(NF)
R2784W,0.9952,0.9724,0.9998,(NF)
A2786P,1,NA,1,(NF)
W2788S,0.0516,0.9976,0.9444,(I)
G2793R,1,NA,1,(NF)
Q2829X,1,NA,1,(NF)
Q2829L,1,NA,1,(NF)
Q2829R,1,NA,1,(NF)
P3063S,0.1998,0.1978,0.1278,(I)
D3064N,0.0004,0.0566,0,(F)
D3064Y,0.01,0.0688,0,(F)
F3065L,0.0236,0.0448,0.0006,(F)
Q3066E,0.0152,0.0336,0.0004,(F)
C3069X,1,0.9924,1,(NF)
D3073G,0.8888,0.9996,0.9966,(NF)
Y3225Ifs,1,NA,1,(NF)
C3233Wfs,0.9996,0.9744,1,(NF)
Y3308X,1,0.9392,1,(NF)