HGVS_nucleotide,HGVS_protein,Exon,ClinVar,HAT_FS,Cis_FS,Ola_FS,HAT_PIF,Cis_PIF,Ola_PIF,Combined_PIF,Class
c.7022G>T,p.Arg2341Leu,14,US,0.2140,0.7767,0.8636,0.0014,0.0451,0.0228,0.00238888,F
c.7021C>G,p.Arg2341Gly,14,US,0.0298,0.4448,0.4406,0.0007,0.0219,0.0068,0.00083833,F
c.7078T>C,p.Ser2360Pro,14,US,0.0611,0.0113,0.1099,0.0008,0.0103,0.0031,0.0008022,F
c.7040C>A,p.Pro2347Gln,14,US,0.1133,0.3929,0.3591,0.0004,0.0198,0.0056,0.00053352,F
c.7082A>G,p.His2361Arg,14,US,0.1876,0.0751,0.1213,0.0003,0.0091,0.0020,0.00035197,F
c.7069C>G,p.Leu2357Val,14,US,0.1014,0.1810,0.1874,0.0004,0.0135,0.0037,0.00049037,F
c.7010C>T,p.Thr2337Ile,14,US,0.0353,0.3679,0.3835,0.0005,0.0189,0.0059,0.00066076,F
c.7033C>G,p.Gln2345Glu,14,US,0.1095,0.5951,0.6937,0.0009,0.0299,0.0137,0.00132712,F
c.7042A>C,p.Asn2348His,14,US,0.2523,0.3826,0.2206,0.0003,0.0064,0.0017,0.00028432,F
c.7049C>T,p.Thr2350Ile,14,US,0.2557,0.1121,0.1881,0.0003,0.0121,0.0037,0.00031581,F
c.7045T>C,p.Phe2349Leu,14,US,4.8694,5.3479,5.5131,1.0000,1.0000,1.0000,1,NF
c.7022G>A,p.Arg2341His,14,US,0.0016,0.1774,0.1532,0.0006,0.0134,0.0035,0.00066299,F
c.7066T>G,p.Phe2356Val,14,US,0.4826,0.6687,0.7290,0.0001,0.0051,0.0009,0.00014814,F
c.7067T>A,p.Phe2356Tyr,14,US,0.0292,0.4491,0.4405,0.0006,0.0221,0.0068,0.00071176,F
c.7037A>G,p.Asn2346Ser,14,US,0.0138,0.0395,0.0640,0.0007,0.0108,0.0022,0.00067466,F
c.7051G>T,p.Ala2351Ser,14,US,0.1069,0.7191,0.7994,0.0004,0.0049,0.0008,0.00043611,F
c.7034A>G,p.Gln2345Arg,14,US,0.3732,0.5543,0.8801,0.0026,0.0274,0.0240,0.00324057,F
c.7030A>G,p.Ile2344Val,14,US,0.1915,0.2654,0.2683,0.0012,0.0156,0.0045,0.00131887,F
c.7017G>C,p.Lys2339Asn,14,B,0.2044,0.1943,0.1084,0.0013,0.0138,0.0031,0.00135582,F
c.7027G>A,p.Glu2343Lys,14,US,0.5738,0.1653,0.1540,0.0062,0.0132,0.0035,0.0062201,F
c.7051G>C,p.Ala2351Pro,14,US,0.3355,0.4772,0.5280,0.0022,0.0234,0.0086,0.00241123,F
c.7072T>C,p.Ser2358Pro,14,US,0.0349,0.5921,0.7200,0.0006,0.0053,0.0009,0.00055467,F
c.C7021T,p.Arg2341Cys,14,US,0.2295,0.0849,0.0244,0.0014,0.0090,0.0024,0.00146803,F
c.7025A>G,p.Gln2342Arg,14,US,0.3478,0.2651,0.2819,0.0023,0.0072,0.0015,0.00233593,F
c.7081C>T,p.His2361Tyr,14,US,0.3196,0.3121,0.1247,0.0021,0.0170,0.0032,0.00212651,F
c.3170A>G,p.Lys1057Arg,11,US,0.4549,0.8779,0.2546,0.0002,0.0046,0.0016,0.00016178,F
c.3206C>T,p.Ser1069Phe,11,US,0.0121,0.5133,0.0854,0.0006,0.0057,0.0030,0.00066375,F
c.3256A>G,p.Ile1086Val,11,CIP,0.5243,0.4844,0.2458,0.0001,0.0058,0.0016,0.00013868,F
c.3310A>C,p.Thr1104Pro,11,US,0.4720,0.0627,0.0147,0.0001,0.0112,0.0024,0.00017503,F
c.3319C>T,p.Gln1107Stop,11,P,3.5779,4.1744,4.1490,1.0000,1.0000,1.0000,1,NF
c.3395A>G,p.Lys1132Arg,11,US,0.5309,1.1654,0.4936,0.0001,0.0043,0.0011,0.00013209,F
c.3403T>C,p.Tyr1135His,11,US,0.4727,0.2659,0.1237,0.0039,0.0156,0.0032,0.00399517,F
c.3413A>T,p.Gln1138Leu,11,US,0.0826,0.1557,0.1797,0.0008,0.0129,0.0037,0.00087922,F
c.3419G>C,p.Ser1140Thr,11,US,0.0684,2.7684,0.9349,0.0008,0.0214,0.0007,0.00080588,F
c.3446T>C,p.Met1149Thr,11,US,0.5185,0.7778,0.3449,0.0001,0.0048,0.0014,0.00013781,F
c.3458A>G,p.Lys1153Arg,11,CIP,0.2278,1.1051,0.4566,0.0003,0.0043,0.0012,0.00029983,F
c.3469G>T,p.Glu1157Stop,11,P,5.1118,6.1137,6.3412,1.0000,1.0000,1.0000,1,NF
c.3475T>A,p.Cys1159Ser,11,,0.4656,1.3119,0.6174,0.0002,0.0044,0.0010,0.00015452,F
c.3499A>G,p.Ile1167Val,11,US,0.1309,0.1616,0.0775,0.0010,0.0082,0.0022,0.0010112,F
c.3509C>T,p.Ala1170Val,11,CIP,1.1074,0.1653,0.5177,0.0000,0.0081,0.0011,5.0152E-05,F
c.3515C>G,p.Ser1172Trp,11,US,0.9492,0.8025,0.1095,0.0001,0.0047,0.0020,6.2456E-05,F
c.9458G>C,p.Gly3153Ala,25,CIP,1.2132,1.7336,1.6517,0.0000,0.0053,0.0007,3.9357E-05,F
c.9401G>T,p.Gly3134Val,25,US,0.9960,1.9634,2.0011,0.0000,0.0064,0.0008,5.4015E-05,F
c.9307A>G,p.Ile3103Val,25,US,1.1745,1.5836,1.6928,0.0000,0.0048,0.0007,4.0886E-05,F
c.9275A>G,p.Tyr3092Cys,25,CIP,0.9407,0.9271,1.1863,0.0001,0.0045,0.0006,5.654E-05,F
c.9263C>T,p.Ala3088Val,25,US,1.2376,1.3473,1.5995,0.0000,0.0044,0.0006,3.7711E-05,F
c.9375C>G,p.Leu3125=,25,LB,1.3594,1.3959,1.4045,0.0000,0.0045,0.0006,3.3459E-05,F
c.9477C>A,p.Phe3159Leu,25,CIP,1.2213,1.3938,1.5744,0.0000,0.0045,0.0006,3.8411E-05,F
c.9275A>C,p.Tyr3092Ser,25,US,0.3896,1.5691,1.1056,0.0002,0.3288,0.0499,0.01659796,F
c.9449C>T,p.Pro3150Leu,25,US,0.0503,1.7698,0.9606,0.0005,0.5013,0.0310,0.01605649,F
c.9356T>G,p.Leu3119Stop,25,P,3.6916,3.6811,3.3757,1.0000,0.9999,0.9998,1,NF
c.9500A>C,p.Glu3167Ala,25,US,2.4392,2.5451,2.4458,0.0000,0.0141,0.0013,5.1474E-05,F
c.9285C>G,p.Asp3095Glu,25,P/LP,3.8228,5.0215,4.9208,1.0000,1.0000,1.0000,1,NF
c.9374T>A,p.Leu3125His,25,LP,4.1949,5.9723,5.9196,1.0000,1.0000,1.0000,1,NF
c.9294C>G,p.Tyr3098Stop,25,P,3.1644,3.7933,3.5801,1.0000,1.0000,1.0000,1,NF
c.9302T>G,p.Leu3101Arg,25,CIP,3.0114,5.1579,4.4468,1.0000,1.0000,1.0000,1,NF
c.9481A>T,p.Lys3161Stop,25,P,3.3027,3.2420,3.2204,1.0000,0.9989,0.9995,1,NF
c.9455A>G,p.Glu3152Gly,25,US,4.0623,4.8274,4.1532,1.0000,1.0000,1.0000,1,NF
c.2813C>A,p.Ala938Glu,11,CIP,0.6316,0.7041,0.3713,0.0080,0.0381,0.0057,0.00825901,F
c.3085A>G,p.Met1029Val,11,US,0.2874,0.3794,0.3655,0.0002,0.0064,0.0013,0.00025506,F
c.3075G>T,p.Lys1025Asn,11,US,0.5270,0.4829,0.4088,0.0001,0.0058,0.0013,0.00013577,F
c.2786T>C,p.Leu929Ser,11,B,0.3933,0.2543,0.1975,0.0002,0.0073,0.0017,0.00019514,F
c.2987T>G,p.Leu996Arg,11,B,0.8617,0.6970,0.6141,0.0001,0.0050,0.0010,6.6665E-05,F
c.2965T>G,p.Tyr989Asp,11,US,0.5989,0.8827,0.5099,0.0069,0.0581,0.0082,0.00739321,F
c.2798C>G,p.Thr933Arg,11,US,0.3625,0.2828,0.2333,0.0002,0.0071,0.0016,0.0002103,F
c.2849T>A,p.Val950Asp,11,CIP,0.6114,0.9657,0.8870,0.0001,0.0044,0.0008,0.0001081,F
c.2803G>C,p.Asp935His,11,B,0.0744,0.3379,0.4463,0.0008,0.0178,0.0069,0.00093119,F
c.2927C>T,p.Ser976Phe,11,B/LB,0.3687,0.2071,0.4607,0.0002,0.0141,0.0072,0.00029688,F
c.3073A>G,p.Lys1025Glu,11,CIP,0.6727,0.7125,0.4728,0.0097,0.0389,0.0074,0.010024,F
c.2944A>C,p.Ile982Leu,11,CIP,0.7377,0.4180,0.2804,0.0001,0.0062,0.0015,8.8507E-05,F
c.2979G>A,p.Trp993Stop,11,P,4.8245,6.1596,6.4292,1.0000,1.0000,1.0000,1,NF
c.3142G>A,p.Val1048Ile,11,US,0.4854,0.7102,0.5539,0.0001,0.0049,0.0010,0.00014791,F
c.3166C>T,p.Gln1056Stop,11,P,3.2693,2.4294,2.7127,1.0000,0.9384,0.9892,0.99999994,NF
c.3088T>G,p.Phe1030Val,11,CIP,0.5298,0.0240,0.6611,0.0001,0.0098,0.0009,0.00013664,F
c.2836G>C,p.Asp946His,11,US,0.6596,0.9479,0.8467,0.0001,0.0045,0.0008,9.7257E-05,F
c.2899C>G,p.Leu967Val,11,US,0.6510,0.1807,0.0867,0.0001,0.0135,0.0021,0.00012434,F
c.3092T>C,p.Phe1031Ser,11,US,0.5260,0.5788,0.4747,0.0001,0.0289,0.0075,0.00034466,F
c.2926T>A,p.Ser976Thr,11,B/LB,0.7574,0.4405,0.6034,0.0001,0.0060,0.0010,8.1881E-05,F
c.3122G>A,p.Ser1041Asn,11,US,0.5944,0.8211,0.8285,0.0001,0.0047,0.0008,0.00011271,F
c.3137A>G,p.Glu1046Gly,11,CIP,0.0539,0.3310,0.1431,0.0005,0.0176,0.0034,0.000575,F
c.2854G>T,p.Ala952Ser,11,US,0.8083,0.2244,0.4404,0.0001,0.0076,0.0012,7.7641E-05,F
c.3109C>T,p.Gln1037Stop,11,P,4.4515,5.5910,5.5669,1.0000,1.0000,1.0000,1,NF
c.3515C>T,p.Ser1172Leu,11,B,0.0007,0.8151,0.6568,0.0006,0.0047,0.0009,0.00062294,F
c.3503T>A,p.Met1168Lys,11,US,0.8817,0.5852,0.6997,0.0001,0.0054,0.0009,6.4338E-05,F
c.3367A>G,p.Ser1123Gly,11,US,0.9431,0.8715,0.9687,0.0001,0.0046,0.0007,5.6687E-05,F
c.3437A>G,p.Glu1146Gly,11,US,0.9490,0.5847,0.7685,0.0001,0.0054,0.0008,5.7345E-05,F
c.3362C>A,p.Ser1121Stop,11,P,3.1092,4.1491,4.3650,1.0000,1.0000,1.0000,1,NF
c.3265C>T,p.Gln1089Stop,11,P,3.0456,4.5726,4.6121,1.0000,1.0000,1.0000,1,NF
c.3539A>G,p.Lys1180Arg,11,CIP,0.8001,0.2632,0.4744,0.0001,0.0072,0.0012,7.7971E-05,F
c.3262C>T,p.Pro1088Ser,11,CIP,0.4008,0.4517,0.2431,0.0002,0.0060,0.0016,0.00018833,F
c.3526G>A,p.Val1176Ile,11,US,0.2902,0.6521,0.1806,0.0002,0.0051,0.0018,0.00025369,F
c.3103G>T,p.Glu1035Stop,11,P,4.6635,5.2485,5.3876,1.0000,1.0000,1.0000,1,NF
c.7102T>G,p.Leu2368Val,14,CIP,0.5605,0.3858,0.3938,0.0001,0.0063,0.0013,0.00012646,F
c.7142C>T,p.Pro2381Leu,14,US,0.0513,0.0918,0.1150,0.0007,0.0117,0.0020,0.00076683,F
c.7025A>C,p.Gln2342Pro,14,US,0.0644,0.1821,0.2759,0.0008,0.0135,0.0046,0.00084049,F
c.7009A>G,p.Thr2337Ala,14,US,0.3626,0.5921,0.7156,0.0025,0.0297,0.0146,0.00290388,F
c.7100C>T,p.Thr2367Ile,14,US,0.2539,0.7600,0.7363,0.0016,0.0048,0.0009,0.00159616,F
c.7150C>G,p.Gln2384Glu,14,US,0.7474,0.6018,0.6046,0.0001,0.0053,0.0010,8.2728E-05,F
c.7133C>G,p.Ser2378Stop,14,P,3.6377,4.6589,4.8437,1.0000,1.0000,1.0000,1,NF
c.7095T>A,p.His2365Gln,14,US,0.1041,0.4352,0.3600,0.0009,0.0061,0.0014,0.00090799,F
c.7139A>G,p.His2380Arg,14,US,0.5762,0.2725,0.2727,0.0001,0.0072,0.0015,0.00012491,F
c.7039C>G,p.Pro2347Ala,14,US,0.3155,0.2242,0.2279,0.0002,0.0076,0.0017,0.00023964,F
c.7093C>T,p.His2365Tyr,14,US,0.0306,0.0714,0.0070,0.0006,0.0092,0.0025,0.0005808,F
c.7147T>C,p.Tyr2383His,14,US,2.6611,3.0326,3.1749,0.9998,0.9966,0.9993,0.99999917,NF
c.7138C>T,p.His2380Tyr,14,US,0.2068,0.0454,0.0454,0.0003,0.0095,0.0023,0.00033626,F
c.7107A>C,p.Glu2369Asp,14,US,3.1135,4.0509,4.2792,1.0000,1.0000,1.0000,1,NF
c.7142C>A,p.Pro2381Gln,14,US,1.3017,2.1833,2.5570,0.2184,0.8383,0.9744,0.8568118,I
c.7073C>G,p.Ser2358Cys,14,US,0.1058,0.0417,0.0193,0.0004,0.0108,0.0026,0.00046198,F
c.7115C>G,p.Ser2372Stop,14,P,2.7216,3.5670,4.1443,0.9999,0.9998,1.0000,0.99999998,NF
c.7028A>T,p.Glu2343Val,14,US,0.3533,0.3632,0.3595,0.0002,0.0065,0.0014,0.00021264,F
c.7126G>C,p.Ala2376Pro,14,US,0.5944,0.9135,0.7131,0.0068,0.0626,0.0145,0.00768141,F
c.7136G>T,p.Gly2379Val,14,US,5.4959,5.6089,6.1601,1.0000,1.0000,1.0000,1,NF
c.7121A>G,p.Asn2374Ser,14,CIP,0.0312,0.3099,0.2501,0.0006,0.0169,0.0043,0.00062956,F
c.7136G>A,p.Gly2379Glu,14,US,1.6839,3.5697,3.7299,0.7538,0.9998,1.0000,0.9999561,NF
c.8657C>G,p.Pro2886Arg,21,,0.0958,0.7838,0.5446,0.0004,0.0458,0.0090,0.0008604,F
c.8679G>T,p.Gln2893His,21,US,0.2385,0.2311,0.3208,0.0003,0.0147,0.0014,0.00030634,F
c.8672C>G,p.Thr2891Arg,21,US,0.0015,0.2788,0.0183,0.0006,0.0160,0.0026,0.00066501,F
c.8681A>G,p.Gln2894Arg,21,US,0.4399,1.5203,0.9234,0.0034,0.2931,0.0275,0.01146638,F
c.8651A>T,p.Tyr2884Phe,21,US,0.0402,0.2931,0.0278,0.0007,0.0164,0.0024,0.00075337,F
c.8710C>T,p.Leu2904Phe,21,US,0.3337,2.8621,1.9416,0.0022,0.9919,0.6195,0.61527078,I
c.8686C>T,p.Arg2896Cys,21,US,0.3156,1.0178,0.5279,0.0020,0.0813,0.0086,0.00273603,F
c.8651A>G,p.Tyr2884Cys,21,CIP,0.0501,0.8476,0.3635,0.0007,0.0533,0.0056,0.00103992,F
c.8663G>T,p.Arg2888Leu,21,US,0.1668,0.6515,0.3279,0.0011,0.0339,0.0052,0.00131122,F
c.8680C>T,p.Gln2894Stop,21,P,5.0250,5.9901,5.4301,1.0000,1.0000,1.0000,1,NF
c.8707G>T,p.Glu2903Stop,21,P,5.9357,7.5663,6.6560,1.0000,1.0000,1.0000,1,NF
c.8665G>T,p.Ala2889Ser,21,US,0.6434,1.7082,1.1282,0.0001,0.0052,0.0007,0.00010071,F
c.8633-1G>A,Intron,P/LP,5.3153,5.5640,5.2994,1.0000,1.0000,1.0000,1,NF
c.8704G>A,p.Ala2902Thr,21,US,0.4549,1.1871,0.4189,0.0002,0.1256,0.0065,0.00096687,F
c.8687G>A,p.Arg2896His,21,CIP,0.2058,0.8948,0.5829,0.0013,0.0598,0.0100,0.00191661,F
c.8722G>A,p.Val2908Met,21,US,0.0797,0.7944,0.4695,0.0008,0.0470,0.0074,0.00116919,F
c.8690C>G,p.Ala2897Gly,21,US,0.0893,0.8324,0.4401,0.0009,0.0514,0.0068,0.00120308,F
c.8663G>A,p.Arg2888His,21,US,0.4929,1.1285,1.1205,0.0001,0.0043,0.0007,0.00014291,F
c.8662C>T,p.Arg2888Cys,21,B,0.1056,0.2758,0.0369,0.0004,0.0159,0.0023,0.00047119,F
c.8639C>G,p.Thr2880Arg,21,US,0.1524,0.4348,0.2405,0.0011,0.0215,0.0042,0.00116683,F
c.8668C>A,p.Leu2890Ile,21,CIP,0.5353,2.0841,1.3181,0.0052,0.7742,0.1029,0.08441721,I
c.8663G>C,p.Arg2888Pro,21,US,0.0962,0.0197,0.0626,0.0009,0.0105,0.0028,0.00090399,F
c.8714A>G,p.Tyr2905Cys,21,US,0.0733,1.5721,1.1494,0.0008,0.3312,0.0579,0.01994992,F
c.8702G>T,p.Gly2901Val,21,CIP,0.0639,1.6055,1.0553,0.0008,0.3574,0.0422,0.01586066,F
c.8708A>G,p.Glu2903Gly,21,US,0.2096,0.2141,0.1920,0.0003,0.0143,0.0038,0.00036535,F
c.8732C>T,p.Ala2911Val,21,US,0.0423,0.5644,0.4160,0.0007,0.0054,0.0012,0.00072643,F
c.8737G>A,p.Asp2913Asn,21,US,0.0662,0.3298,0.3259,0.0005,0.0176,0.0051,0.00058478,F
c.8746T>A,p.Tyr2916Asn,21,US,0.1240,0.0412,0.0657,0.0004,0.0096,0.0022,0.0004299,F
c.8732C>A,p.Ala2911Glu,21,P,0.5565,0.4966,0.5866,0.0001,0.0057,0.0010,0.00012521,F
c.8737G>C,p.Asp2913His,21,US,0.2936,0.3892,0.3913,0.0002,0.0063,0.0013,0.00025023,F
c.8744C>T,p.Ala2915Val,21,US,0.3841,0.3975,0.4609,0.0002,0.0063,0.0012,0.00019441,F
c.8644A>T,p.Lys2882Stop,21,P,5.0381,6.6902,6.3356,1.0000,1.0000,1.0000,1,NF
c.8752G>C,p.Glu2918Gln,21,US,0.2601,0.2159,0.3473,0.0003,0.0076,0.0014,0.00027783,F
c.8754+2T>G,Intron,P,4.4425,8.5100,8.5823,1.0000,1.0000,1.0000,1,NF
c.8633-2A>G,Intron,P,6.1292,7.9408,7.0895,1.0000,1.0000,1.0000,1,NF
c.8738A>T,p.Asp2913Val,21,US,0.3507,0.4720,0.4400,0.0024,0.0059,0.0068,0.00239288,F
c.8677C>T,p.Gln2893Stop,21,P,6.3245,8.7391,9.4322,1.0000,1.0000,1.0000,1,NF
c.8695C>T,p.Gln2899Stop,21,P,5.9213,8.2198,7.4967,1.0000,1.0000,1.0000,1,NF
c.8754+1G>T,Intron,P/LP,6.1534,9.3828,7.8963,1.0000,1.0000,1.0000,1,NF
c.8646A>T,p.Lys2882Asn,21,US,0.1195,0.3945,0.3809,0.0004,0.0063,0.0013,0.00042298,F
c.8633-2A>T,Intron,P,5.0434,6.9790,7.2312,1.0000,1.0000,1.0000,1,NF
c.8754+1G>A,Intron,P,6.0750,7.4268,6.9858,1.0000,1.0000,1.0000,1,NF
c.9301C>G,p.Leu3101Val,25,US,0.7495,1.0248,1.1194,0.0001,0.0044,0.0007,8.0084E-05,F
c.9271G>A,p.Val3091Ile,25,CIP,1.9255,1.9417,1.8830,0.0000,0.0063,0.0007,2.8814E-05,F
c.9414A>G,p.Leu3138=,25,LB,1.9071,1.7683,1.6661,0.0000,0.0054,0.0007,2.7722E-05,F
c.9367A>G,p.Ser3123Gly,25,US,1.0917,1.9432,1.5569,0.0000,0.0063,0.0006,4.6219E-05,F
c.9292T>C,p.Tyr3098His,25,B,1.3183,1.5267,1.5487,0.0000,0.0047,0.0006,3.4899E-05,F
c.9350A>C,p.His3117Pro,25,US,1.0466,1.0860,1.3583,0.0000,0.0043,0.0006,4.7865E-05,F
c.9501G>A,p.Glu3167=,25,,1.6919,1.4348,1.4565,0.0000,0.0045,0.0006,2.7661E-05,F
c.9466C>T,p.Gln3156Stop,25,P,4.2907,6.1321,5.2203,1.0000,1.0000,1.0000,1,NF
c.9376C>T,p.Gln3126Stop,25,P,4.1324,4.7481,4.4496,1.0000,1.0000,1.0000,1,NF
c.9371A>T,p.Asn3124Ile,25,P,3.9263,7.6510,6.4842,1.0000,1.0000,1.0000,1,NF
c.8539G>A,p.Glu2847Lys,20,CIP,0.9734,4.4171,4.5893,0.0425,1.0000,1.0000,0.99999935,NF
c.8593T>G,p.Leu2865Val,20,CIP,1.0598,0.8185,0.8329,0.0000,0.0047,0.0008,4.7936E-05,F
c.8575C>T,p.Gln2859Stop,20,P,2.7456,6.2237,6.1633,0.9999,1.0000,1.0000,1,NF
c.8618T>G,p.Phe2873Cys,20,US,1.2591,1.3325,1.3907,0.0000,0.0044,0.0006,3.6782E-05,F
c.8503T>C,p.Ser2835Pro,20,B,1.6813,1.3591,1.3828,0.0000,0.0044,0.0006,2.7686E-05,F
c.8573A>G,p.Gln2858Arg,20,CIP,0.8718,1.1406,1.1764,0.0001,0.0043,0.0006,6.349E-05,F
c.8548G>A,p.Glu2850Lys,20,US,1.0769,0.7884,0.7826,0.0000,0.0047,0.0008,4.7041E-05,F
c.8518A>G,p.Ile2840Val,20,US,1.5107,1.0592,1.0904,0.0000,0.0044,0.0007,3.0081E-05,F
c.8525G>A,p.Arg2842His,20,B,1.4195,0.2924,0.4282,0.0000,0.0164,0.0066,0.00013772,F
c.8572C>A,p.Gln2858Lys,20,CIP,1.0425,1.2039,1.2558,0.0000,0.0043,0.0006,4.818E-05,F
c.8525G>T,p.Arg2842Leu,20,CIP,0.6106,1.0058,1.1800,0.0001,0.0788,0.0642,0.00516208,F
c.8599A>C,p.Thr2867Pro,20,US,1.0508,0.7940,0.7847,0.0000,0.0047,0.0008,4.8739E-05,F
c.8591C>T,p.Ala2864Val,20,US,0.6814,0.3922,0.3434,0.0001,0.0063,0.0014,9.8065E-05,F
c.8629G>T,p.Glu2877Stop,20,P,4.2046,4.8618,4.8729,1.0000,1.0000,1.0000,1,NF
c.8504C>A,p.Ser2835Stop,20,P,3.2603,3.4495,3.6358,1.0000,0.9997,1.0000,1,NF
c.8567A>C,p.Glu2856Ala,20,CIP,1.2920,0.8997,0.9775,0.0000,0.0045,0.0007,3.6047E-05,F
c.7068T>G,p.Phe2356Leu,14,US,0.0051,1.4464,1.7247,0.0006,0.2446,0.3781,0.09306036,I
c.3299A>T,p.Asn1100Ile,11,CIP,0.1578,1.1638,0.1082,0.0004,0.0043,0.0020,0.00037551,F
c.3362C>G,p.Ser1121Stop,11,P,4.0407,4.7562,5.2877,1.0000,1.0000,1.0000,1,NF
c.3496G>A,p.Val1166Ile,11,US,0.3355,0.2721,0.3444,0.0022,0.0158,0.0054,0.00229499,F
c.9425A>G,p.Asp3142Gly,25,US,1.2529,1.1127,1.1823,0.0000,0.0043,0.0006,3.708E-05,F
c.9385C>G,p.Pro3129Ala,25,US,0.8141,1.1596,0.9435,0.0001,0.0043,0.0007,7.0883E-05,F
c.9276T>G,p.Tyr3092Stop,25,P,3.5541,3.8671,3.9063,1.0000,1.0000,1.0000,1,NF
c.9382C>T,p.Arg3128Stop,25,P,4.1565,4.7846,3.9642,1.0000,1.0000,1.0000,1,NF
c.9317G>A,p.Trp3106Stop,25,P,2.3918,2.4653,2.3196,0.9981,0.9472,0.9138,0.99974674,NF
c.9309A>G,p.Ile3103Met,25,US,1.1199,0.2147,0.1092,0.0000,0.0076,0.0020,5.6182E-05,F
c.2971A>G,p.Asn991Asp,11,B,1.6490,1.5217,2.2475,0.0000,0.0047,0.0010,2.9989E-05,F
c.2881C>T,p.Gln961Stop,11,P,4.8245,5.9455,6.7592,1.0000,1.0000,1.0000,1,NF
c.2818C>T,p.Gln940Stop,11,P,7.1483,7.0299,8.1113,1.0000,1.0000,1.0000,1,NF
c.3076A>T,p.Lys1026Stop,11,P,5.6613,8.4729,8.1921,1.0000,1.0000,1.0000,1,NF
c.3032C>G,p.Thr1011Arg,11,CIP,0.9236,0.3661,0.4184,0.0001,0.0065,0.0012,6.3314E-05,F
c.3132T>G,p.Cys1044Trp,11,US,0.7906,0.3435,0.2161,0.0001,0.0066,0.0017,8.2198E-05,F
c.2872A>G,p.Ser958Gly,11,US,0.6581,0.8378,0.8054,0.0001,0.0046,0.0008,9.7826E-05,F
c.2803G>A,p.Asp935Asn,11,B/LB,0.5735,0.1404,0.4089,0.0001,0.0084,0.0013,0.00012519,F
c.3270G>C,p.Met1090Ile,11,US,2.5023,1.1308,2.2957,0.0000,0.0043,0.0011,3.9885E-05,F
c.3304A>T,p.Asn1102Tyr,11,B,0.5268,0.3602,0.0590,0.0001,0.0186,0.0028,0.0001811,F
c.7141C>T,p.Pro2381Ser,14,US,0.1934,0.2064,0.1441,0.0003,0.0077,0.0019,0.00034255,F
c.7141C>G,p.Pro2381Ala,14,US,0.2626,0.0195,0.0283,0.0003,0.0105,0.0027,0.00029313,F
c.7119C>G,p.Ser2373Arg,14,US,0.1417,0.1874,0.0888,0.0004,0.0079,0.0021,0.00040277,F
c.7115C>A,p.Ser2372Stop,14,P,1.9846,5.4167,5.5699,0.9606,1.0000,1.0000,1,NF
c.7106A>G,p.Glu2369Gly,14,US,0.5600,1.3960,1.1140,0.0058,0.2155,0.0514,0.0168051,F
c.8702G>A,p.Gly2901Asp,21,CIP,0.0512,0.7515,0.9849,0.0007,0.0425,0.0335,0.00216736,F
c.8692T>G,p.Leu2898Val,21,US,0.8861,2.5100,1.4343,0.0274,0.9567,0.1528,0.16956546,I
c.8739C>G,p.Asp2913Glu,21,US,0.7681,1.2035,0.8567,0.0001,0.0043,0.0008,7.7631E-05,F
c.8699A>T,p.Asp2900Val,21,US,0.0918,0.5854,0.5101,0.0009,0.0054,0.0011,0.00086614,F
c.8740C>G,p.Pro2914Ala,21,US,0.5999,1.0249,1.0170,0.0001,0.0044,0.0007,0.00011065,F
c.8678A>G,p.Gln2893Arg,21,US,0.1813,0.1716,0.4155,0.0003,0.0081,0.0012,0.00035048,F
c.8656C>A,p.Pro2886Thr,21,US,0.2438,0.1361,0.2628,0.0003,0.0125,0.0044,0.00033615,F
c.2837A>G,p.Asp946Gly,11,CIP,0.4408,0.4513,0.2464,0.0002,0.0060,0.0016,0.00017005,F
c.2771A>T,p.Asn924Ile,11,CIP,0.4580,0.5980,0.6023,0.0037,0.0053,0.0010,0.00370591,F
c.8647C>T,p.Pro2883Ser,21,CIP,6.4547,10.133,9.1098,1.0000,1.0000,1.0000,1,NF
c.9353T>C,p.Met3118Thr,25,CIP,0.8240,0.8750,0.2229,0.0201,0.0570,0.0040,0.02037364,F
c.9454G>A,p.Glu3152Lys,25,CIP,1.6899,2.0613,1.8425,0.0000,0.0071,0.0007,2.9922E-05,F
c.9380G>A,p.Trp3127Stop,25,P,5.8464,7.9743,7.7484,1.0000,1.0000,1.0000,1,NF
c.8572C>T,p.Gln2858Stop,20,P,4.3478,6.3224,6.2583,1.0000,1.0000,1.0000,1,NF
c.8594T>G,p.Leu2865Stop,20,P,6.6953,8.8540,8.1387,1.0000,1.0000,1.0000,1,NF
c.8489G>A,p.Trp2830Stop,20,P,4.6542,3.6163,3.7287,1.0000,0.9999,1.0000,1,NF
