Variant,Structural_Stability_Table,Structural_Stability_StdDev,Binding_Activity_Table,Binding_Activity_StdDev,Binding_Specificity_Table,Binding_Specificity_StdDev,Protease_Sensitivity_BarGraph,Binding_Activity_BarGraph,Binding_Specificity_BarGraph,Transcription_Activity_BarGraph
WT,100,,100,,100,,100,100,100,100
N1647K,123,4,93,27,78,24,125,95,80,95
S1651F,84,2,118,23,112,28,85,120,115,110
M1652T,84,7,79,22,83,10,85,80,85,85
M1652I,79,4,75,24,100,7,80,75,100,90
V1653M,40,6,57,10,47,19,40,60,50,50
S1655F,113,8,9,2,36,11,115,10,35,10
G1656D,88,4,3,1,8,2,90,5,8,5
F1662S,121,8,67,33,76,18,120,70,75,70
M1663L,87,4,56,17,98,14,85,60,100,65
M1663K,87,10,94,25,102,19,85,95,105,95
L1664P,93,10,103,31,139,13,95,105,140,105
V1665M,82,4,77,5,72,3,80,80,70,80
A1669S,70,2,108,18,66,7,70,110,65,110
E1682K,92,5,76,11,87,15,90,75,85,85
E1682V,66,3,107,8,55,1,65,110,55,110
T1685I,13,1,32,10,11,6,15,30,10,35
T1685A,18,3,16,0,14,1,20,15,15,18
M1689T,91,3,31,17,22,8,90,30,20,35
M1689R,20,22,N/A,,N/A,,20,5,5,5
T1691K,3,0,10,4,2,1,5,10,2,12
T1691I,3,1,68,37,5,2,5,70,5,70
D1692H,62,3,48,14,32,15,60,50,30,50
D1692N,108,5,88,27,130,12,110,90,130,90
D1692Y,54,3,83,17,45,8,55,85,45,85
F1695L,64,10,113,10,59,3,65,115,60,115
V1696L,44,5,4,2,15,2,45,5,15,5
C1697R,3,3,37,0,22,11,5,40,20,40
R1699W,90,2,3,2,8,3,90,5,8,5
R1699Q,96,2,9,3,10,2,95,10,10,12
R1699L,80,2,9,4,5,1,80,10,5,12
T1700A,85,5,3,2,5,2,85,5,5,5
G1706A,65,8,108,21,108,12,65,110,110,110
G1706E,2,0,5,0,14,2,2,5,15,8
A1708V,58,3,24,3,16,10,60,25,15,25
A1708E,4,1,24,5,9,4,5,25,10,25
V1713A,61,3,25,7,3,3,60,25,5,28
V1714G,4,1,13,3,9,1,5,15,10,15
S1715R,1,0,10,4,9,1,2,10,10,12
S1715N,22,7,42,25,7,3,20,45,8,45
S1715C,59,1,91,28,39,27,60,95,40,95
W1718C,4,0,97,3,11,1,5,100,10,100
W1718S,5,1,18,5,8,5,5,20,8,20
T1720A,74,1,87,4,56,4,75,90,55,90
S1722F,3,3,19,2,12,6,5,20,12,22
R1726G,100,1,84,11,126,27,100,85,125,85
N1730S,91,5,114,43,94,37,90,115,95,115
D1733G,95,9,113,15,99,5,95,115,100,115
F1734S,20,2,55,16,20,5,20,55,20,58
V1736A,22,2,72,5,49,3,20,75,50,75
V1736G,8,1,14,1,5,1,8,15,5,16
G1738E,3,0,71,3,3,3,3,75,5,75
G1738R,2,1,15,10,3,0,2,18,5,18
D1739Y,2,1,10,8,5,1,2,10,5,12
D1739V,0,1,5,4,11,2,1,8,10,8
D1739E,11,2,6,2,20,5,10,8,20,8
D1739G,N/A,,16,7,1,0,5,18,2,18
V1741G,97,3,5,3,8,9,95,8,8,8
H1746N,55,4,9,7,10,1,55,10,10,12
P1749R,3,1,29,18,18,9,5,30,18,32
R1751P,0,1,6,3,3,1,1,8,5,8
R1751Q,59,4,76,12,58,10,60,80,60,80
A1752V,0,0,89,7,31,8,1,95,30,95
A1752P,N/A,,16,12,5,1,1,18,5,18
R1753T,0,1,42,9,16,9,1,45,15,45
F1761S,18,1,N/A,,N/A,,20,5,5,5
G1763V,41,1,19,1,15,7,40,20,15,22
L1764P,18,0,23,9,19,6,20,25,20,25
I1766S,0,1,94,11,5,1,1,95,5,95
P1771L,74,5,75,15,87,38,75,78,85,78
P1771R,75,5,97,31,85,16,75,100,85,100
T1773I,78,5,63,5,15,7,80,65,15,65
T1773S,70,3,68,7,71,25,70,70,70,70
M1775R,48,5,3,1,21,10,50,5,20,5
M1775K,103,7,19,3,12,0,105,20,12,22
D1778G,103,6,87,21,88,15,105,90,90,90
D1778Y,99,8,82,23,80,8,100,85,80,85
D1778N,90,6,105,19,92,12,90,108,95,108
L1780P,9,2,29,5,2,0,10,5,30,5
M1783I,112,2,84,16,92,12,110,85,90,85
M1783T,75,10,48,7,59,2,75,50,60,50
M1783L,106,0,139,16,96,27,105,140,95,140
Q1785H,101,7,98,3,66,22,100,100,65,100
C1787S,108,7,113,2,72,8,110,115,70,115
G1788V,0,0,107,6,16,3,1,110,15,110
G1788D,100,6,66,2,32,10,100,68,30,68
A1789S,87,4,56,7,63,13,85,58,60,58
E1794D,93,2,112,26,109,25,95,115,110,115
G1803A,84,5,92,5,103,10,85,95,105,95
V1804D,89,9,119,10,53,1,90,120,55,120
H1805P,70,2,102,21,75,16,70,105,75,105
P1806A,74,2,79,15,106,13,75,82,105,82
V1808A,95,5,68,12,58,10,95,70,60,70
V1809F,12,2,72,22,39,8,12,75,40,75
V1809A,84,4,66,13,49,8,85,68,50,68
V1810G,83,2,97,9,69,3,85,100,70,100
Q1811R,51,3,37,2,20,0,50,40,20,40
D1818G,57,6,104,6,88,10,60,105,90,105
N1819S,90,6,98,1,82,6,90,100,80,100
A1823T,112,2,141,2,105,9,110,145,105,145
Q1826H,88,3,52,6,59,25,90,55,60,55
A1830T,100,1,85,9,49,2,100,88,50,88
V1833M,55,4,96,22,80,8,55,98,80,98
R1835P,106,14,N/A,,N/A,,105,5,5,5
E1836K,67,8,2,0,2,1,70,5,2,5
W1837R,3,0,18,3,10,4,3,20,10,20
W1837G,2,1,24,9,39,3,2,25,40,25
W1837C,2,2,7,3,1,0,2,8,1,8
V1838E,8,1,11,4,22,10,8,12,20,12
S1841N,3,1,5,1,26,1,3,8,25,8
S1841R,35,1,7,1,17,3,35,10,15,10
A1843P,31,1,16,2,27,10,30,18,25,18
L1844R,101,2,67,2,42,11,100,70,40,70
D1851E,113,17,89,6,71,8,115,92,70,92
Y1853C,32,1,4,3,14,3,30,5,15,5
L1854P,81,10,100,20,78,31,80,102,80,102
P1856S,112,6,84,25,82,12,110,85,85,85
P1859R,105,2,127,10,67,12,105,130,65,130
