variant,IARC,PrDel,lPostOdds,logBF,Status,PrDel.2014,logBF.2014,lPostOdds.2014,Status.2014,eta,fClass2016,fClass Category2016,fClass,fClass Category
A1416T,0,0.002777032616,-5.88359143,-5.025256848,VUS,0.00300733289,-4.889225657,-5.803689812,VUS,3.803888531,2,Likely Not Pathogenic,2,Likely not pathogenic
A1584S,0,0.0005591725075,-7.488493203,-6.630158621,VUS,0.0006188724184,-6.472528197,-7.386992352,VUS,3.961074325,2,Likely Not Pathogenic,1,Not Pathogenic
A1608V,0,0.0005612957134,-7.48470122,-6.626366638,VUS,0.0005498292414,-6.590888663,-7.505352818,VUS,3.965932469,2,Likely Not Pathogenic,1,Not Pathogenic
A1615D,0,0.0005276656256,-7.546519955,-6.688185373,VUS,0.0009506227571,-6.042978025,-6.957442179,VUS,3.94554326,2,Likely Not Pathogenic,1,Not Pathogenic
A1615T,0,0.0003165027532,-8.057862065,-7.199527483,VUS,0.0003988829757,-6.911979361,-7.826443516,VUS,4.027000401,2,Likely Not Pathogenic,1,Not Pathogenic
A1623G,0,0.0003752720313,-7.887484036,-7.029149454,VUS,0.0004534040535,-6.783809218,-7.698273373,VUS,3.995156544,2,Likely Not Pathogenic,1,Not Pathogenic
A1641T,0,0.0004733816558,-7.655135118,-6.796800536,VUS,0.0006184153964,-6.473267403,-7.387731557,VUS,3.971734601,2,Likely Not Pathogenic,1,Not Pathogenic
A1669S,0,0.01541709859,-4.156740909,-3.298406327,VUS,0.01471652832,-3.289493996,-4.203958151,VUS,3.772903976,3,Uncertain,2,Likely not pathogenic
A1708E,5,1,Inf,Inf,Path,1,Inf,Inf,Path,0.1458439487,5,Pathogenic,5,Pathogenic
A1708V,0,0.9895323317,4.548941144,5.407275726,VUS,0.9890240246,5.415473946,4.501009791,VUS,1.715959053,3,Uncertain,4,Likely Pathogenic
A1752P,0,1,Inf,Inf,VUS,1,37.65126472,36.73680057,VUS,0.3102043828,5,Pathogenic,5,Pathogenic
A1752T,0,1,30.32334161,31.18167619,VUS,1,26.3396724,25.42520824,VUS,1.004601739,5,Pathogenic,5,Pathogenic
A1752V,0,1,26.52435881,27.38269339,VUS,0.9999999672,18.14648404,17.23201989,VUS,0.8213569789,4,Likely Pathogenic,5,Pathogenic
A1789S,0,0.001083225435,-6.826728362,-5.96839378,VUS,0.001296590328,-5.732255698,-6.646719853,VUS,3.924842256,2,Likely Not Pathogenic,2,Likely not pathogenic
A1789T,0,1,Inf,Inf,VUS,1,Inf,Inf,VUS,-0.02341251943,5,Pathogenic,5,Pathogenic
A1823T,0,0.000289301339,-8.147752374,-7.289417792,VUS,0.00036416758,-7.003068023,-7.917532178,VUS,4.03824284,2,Likely Not Pathogenic,1,Not Pathogenic
A1830T,0,0.0005840218077,-7.444988041,-6.586653459,VUS,0.0008526991341,-6.15178657,-7.066250725,VUS,3.938295143,2,Likely Not Pathogenic,1,Not Pathogenic
A1843P,0,0.9999999888,18.30850171,19.16683629,VUS,0.9999997823,16.25459293,15.34012877,VUS,1.629706796,5,Pathogenic,5,Pathogenic
C1372Y,0,0.0006017825629,-7.415012405,-6.556677823,VUS,0.0008410890423,-6.165507429,-7.079971584,VUS,3.915178061,2,Likely Not Pathogenic,1,Not Pathogenic
C1697F,0,1,Inf,Inf,VUS,1,Inf,Inf,VUS,0.276606013,5,Pathogenic,5,Pathogenic
C1697R,0,1,Inf,Inf,VUS,1,32.84724368,31.93277952,VUS,0.5843374521,5,Pathogenic,5,Pathogenic
C1697Y,0,1,Inf,Inf,VUS,1,Inf,Inf,VUS,-0.1286943058,5,Pathogenic,5,Pathogenic
C1787S,0,0.0005815498378,-7.449232165,-6.590897583,VUS,0.0006237310746,-6.464703172,-7.379167327,VUS,3.925431307,2,Likely Not Pathogenic,1,Not Pathogenic
C1787S/G1788D,0,1,Inf,Inf,VUS,1,35.01220739,34.09774324,VUS,0.2446605306,5,Pathogenic,5,Pathogenic
D1381Y,0,0.0003085111998,-8.083443852,-7.22510927,VUS,0.0003712183321,-6.983884731,-7.898348885,VUS,4.27691367,2,Likely Not Pathogenic,1,Not Pathogenic
D1546N,1,0,#NAME?,#NAME?,Neut,0,#NAME?,#NAME?,Neut,3.983303398,1,Not Pathogenic,1,Not Pathogenic
D1546Y,1,0,#NAME?,#NAME?,Neut,0.0003120203171,-7.15766603,-8.072130184,VUS,4.179326547,2,Likely Not Pathogenic,1,Not Pathogenic
D1557H,0,0.0007849274033,-7.149134089,-6.290799507,VUS,0.0008984570437,-6.099468646,-7.013932801,VUS,3.933630943,2,Likely Not Pathogenic,1,Not Pathogenic
D1578G,2,0,#NAME?,#NAME?,Neut,0.0005771148373,-6.54242785,-7.456892005,VUS,3.957467302,2,Likely Not Pathogenic,1,Not Pathogenic
D1692H,0,0.9999999999,23.10775092,23.96608551,VUS,0.9999999998,23.28017566,22.36571151,VUS,0.7916293122,5,Pathogenic,5,Pathogenic
D1692N,0,0.01081570382,-4.515881525,-3.657546942,VUS,0.01044963701,-3.636219265,-4.55068342,VUS,3.707993918,3,Uncertain,2,Likely not pathogenic
D1692Y,0,1,26.22218967,27.08052425,VUS,1,24.6700157,23.75555155,VUS,1.084928919,5,Pathogenic,5,Pathogenic
D1733G,1,0,#NAME?,#NAME?,Neut,0.0008630988081,-6.139653754,-7.054117908,VUS,3.965321234,2,Likely Not Pathogenic,1,Not Pathogenic
D1733Y,0,0.0002176526112,-8.432392617,-7.574058035,VUS,0.0002793490222,-7.26830504,-8.182769194,VUS,4.207452456,2,Likely Not Pathogenic,1,Not Pathogenic
D1739A,0,0.9999999984,20.28119101,21.13952559,VUS,NA,NA,NA,,1.161138687,,,5,Pathogenic
D1739E,0,1,Inf,Inf,VUS,1,31.29169086,30.3772267,VUS,0.6145171875,5,Pathogenic,5,Pathogenic
D1739G,0,1,Inf,Inf,VUS,1,33.23242412,32.31795996,VUS,0.3040769631,5,Pathogenic,5,Pathogenic
D1739H,0,1,Inf,Inf,VUS,NA,NA,NA,,0.366060308,,,5,Pathogenic
D1739N,0,0.002323536954,-6.062338465,-5.204003883,VUS,NA,NA,NA,,3.820190936,,,2,Likely not pathogenic
D1739V,4,1,Inf,Inf,Path,1,30.38723458,29.47277043,VUS,0.4285497702,5,Pathogenic,5,Pathogenic
D1739Y,0,1,Inf,Inf,VUS,1,36.95811754,36.04365339,VUS,0.5301761039,5,Pathogenic,5,Pathogenic
D1757H,0,0.0003096089719,-8.079890781,-7.221556199,VUS,NA,NA,NA,,4.036738321,,,1,Not Pathogenic
D1757N,0,0.2776517637,-0.9561396644,-0.09780508236,VUS,NA,NA,NA,,3.344898849,,,3,Uncertain
D1778G,2,0,#NAME?,#NAME?,Neut,0.003280261113,-4.802082445,-5.716546599,VUS,3.87057176,2,Likely Not Pathogenic,1,Not Pathogenic
D1778N,0,0.003663831627,-5.605575227,-4.747240644,VUS,0.005448537633,-4.292480441,-5.206944595,VUS,3.836407824,2,Likely Not Pathogenic,2,Likely not pathogenic
D1778Y,0,0.008416257301,-4.769138177,-3.910803595,VUS,0.008585966926,-3.834538968,-4.749003123,VUS,3.791869881,3,Uncertain,2,Likely not pathogenic
D1813H,0,0.001844685643,-6.29360001,-5.435265428,VUS,0.002849384784,-4.943334567,-5.857798721,VUS,3.741378198,2,Likely Not Pathogenic,2,Likely not pathogenic
D1818G,0,0.0003507158623,-7.955183394,-7.096848812,VUS,0.0005165344958,-6.653387662,-7.567851816,VUS,4.018145939,2,Likely Not Pathogenic,1,Not Pathogenic
D1851E,2,0,#NAME?,#NAME?,Neut,0.00045469535,-6.78096397,-7.695428125,VUS,4.036034031,2,Likely Not Pathogenic,1,Not Pathogenic
E1352K,0,0.01736492161,-4.035785647,-3.177451065,VUS,0.02011870192,-2.971317459,-3.885781614,VUS,3.6800094,2,Likely Not Pathogenic,2,Likely not pathogenic
E1419Q,1,0,#NAME?,#NAME?,Neut,0.0003262598465,-7.113025951,-8.027490106,VUS,4.073224442,2,Likely Not Pathogenic,1,Not Pathogenic
E1462K,0,0.000801577793,-7.128126632,-6.26979205,VUS,0.0008207669556,-6.189986085,-7.104450239,VUS,3.925386486,2,Likely Not Pathogenic,1,Not Pathogenic
E1470D,0,0.000302371258,-8.103552548,-7.245217966,VUS,0.0004064766359,-6.893113393,-7.807577548,VUS,4.037342476,2,Likely Not Pathogenic,1,Not Pathogenic
E1494K,0,0.0007976244724,-7.133074714,-6.274740132,VUS,0.0008947165274,-6.103644347,-7.018108502,VUS,3.924832142,2,Likely Not Pathogenic,1,Not Pathogenic
E1527K,0,0.0006983197866,-7.266134849,-6.407800267,VUS,0.001125221062,-5.874185754,-6.788649909,VUS,3.907360277,2,Likely Not Pathogenic,1,Not Pathogenic
E1559K,0,0.003895128217,-5.544125948,-4.685791366,VUS,0.005125211332,-4.353980974,-5.268445129,VUS,3.799888936,2,Likely Not Pathogenic,2,Likely not pathogenic
E1559Q,0,0.0005120852295,-7.576507266,-6.718172684,VUS,0.0008174123549,-6.194084971,-7.108549126,VUS,3.927075173,2,Likely Not Pathogenic,1,Not Pathogenic
E1609G,0,0.0003659211096,-7.912726807,-7.054392225,VUS,NA,NA,NA,,3.998831397,,,1,Not Pathogenic
E1644G,0,0.0008538942686,-7.06484892,-6.206514338,VUS,0.001495138854,-5.589575785,-6.50403994,VUS,3.996483544,2,Likely Not Pathogenic,1,Not Pathogenic
E1660V,0,0.0002506185077,-8.291328015,-7.432993433,VUS,0.0003303801408,-7.100472035,-8.01493619,VUS,3.998807673,2,Likely Not Pathogenic,1,Not Pathogenic
E1682K,1,0,#NAME?,#NAME?,Neut,0,#NAME?,#NAME?,Neut,3.959413348,1,Not Pathogenic,1,Not Pathogenic
E1682V,0,0.0002549753662,-8.274088613,-7.415754031,VUS,0.0005631781438,-6.56688707,-7.481351224,VUS,4.119850758,2,Likely Not Pathogenic,1,Not Pathogenic
E1731D,0,0.0008882458516,-7.025373353,-6.167038771,VUS,0.001143694694,-5.857882794,-6.772346949,VUS,3.807926828,2,Likely Not Pathogenic,1,Not Pathogenic
E1754V,0,0.0002146540213,-8.446268352,-7.58793377,VUS,0.0002799889523,-7.266016229,-8.180480383,VUS,4.209924473,2,Likely Not Pathogenic,1,Not Pathogenic
E1765K,0,0.0002616770781,-8.248137629,-7.389803047,VUS,0.0003559572421,-7.025879766,-7.94034392,VUS,3.989187993,2,Likely Not Pathogenic,1,Not Pathogenic
E1794D,0,0.0003671075667,-7.909488481,-7.051153899,VUS,0.0005270070702,-6.633305293,-7.547769448,VUS,3.979380072,2,Likely Not Pathogenic,1,Not Pathogenic
E1836K,0,0.9999986829,13.54011086,14.39844544,VUS,0.9999929383,12.77527742,11.86081327,VUS,1.819573758,5,Pathogenic,5,Pathogenic
F1571S,0,0.02066974845,-3.858197717,-2.999863135,VUS,0.02054125709,-2.950100557,-3.864564711,VUS,3.694287753,3,Uncertain,2,Likely not pathogenic
F1662S,1,0,#NAME?,#NAME?,Neut,0,#NAME?,#NAME?,Neut,3.780103316,1,Not Pathogenic,1,Not Pathogenic
F1668C,0,0.004718656221,-5.351501395,-4.493166812,VUS,NA,NA,NA,,3.764447324,,,2,Likely not pathogenic
F1668S,0,1,Inf,Inf,VUS,NA,NA,NA,,0.615762593,,,5,Pathogenic
F1695L,0,0.002536154537,-5.974566931,-5.116232349,VUS,0.002885587445,-4.930672866,-5.845137021,VUS,3.791695746,3,Uncertain,2,Likely not pathogenic
F1734S,0,0.00134040434,-6.613442661,-5.755108078,VUS,0.002099444071,-5.249516892,-6.163981047,VUS,3.907070064,2,Likely Not Pathogenic,2,Likely not pathogenic
F1761S,0,1,Inf,Inf,VUS,1,35.85950526,34.9450411,VUS,0.6645438671,5,Pathogenic,5,Pathogenic
G1656D,0,0.6542853265,0.6379297434,1.496264325,VUS,0.6490742444,1.529436584,0.6149724297,VUS,2.650256687,3,Uncertain,3,Uncertain
G1706A,1,0,#NAME?,#NAME?,Neut,0,#NAME?,#NAME?,Neut,3.772556143,1,Not Pathogenic,1,Not Pathogenic
G1706E,5,1,Inf,Inf,Path,1,Inf,Inf,Path,1.191273345,5,Pathogenic,5,Pathogenic
G1738A,0,1,Inf,Inf,VUS,NA,NA,NA,,0.2449160205,,,5,Pathogenic
G1738E,4,1,Inf,Inf,Path,0.9999999999,24.41320226,23.4987381,VUS,1.130401537,5,Pathogenic,5,Pathogenic
G1738R,5,1,Inf,Inf,Path,1,Inf,Inf,Path,1.624165743,5,Pathogenic,5,Pathogenic
G1738V,0,1,Inf,Inf,VUS,NA,NA,NA,,0.4325609933,,,5,Pathogenic
G1743A,0,0.4905399927,-0.03784454519,0.8204900369,VUS,NA,NA,NA,,3.059951054,,,3,Uncertain
G1743E,0,0.9999999769,17.58332301,18.44165759,VUS,NA,NA,NA,,1.283736174,,,5,Pathogenic
G1743R,0,0.06043956257,-2.743768246,-1.885433664,VUS,NA,NA,NA,,3.612674851,,,3,Uncertain
G1743V,0,0.999999737,15.15107813,16.00941272,VUS,NA,NA,NA,,1.80032392,,,5,Pathogenic
G1748A,0,0.0005242412707,-7.553034161,-6.694699579,VUS,NA,NA,NA,,3.999925809,,,1,Not Pathogenic
G1748C,0,0.9999998607,15.78642253,16.64475711,VUS,NA,NA,NA,,1.367180157,,,5,Pathogenic
G1748D,4,1,Inf,Inf,Path,1,Inf,Inf,VUS,0.6655520577,5,Pathogenic,5,Pathogenic
G1748R,0,1,34.65735903,35.51569361,VUS,NA,NA,NA,,0.8712486651,,,5,Pathogenic
G1748S,0,0.0007473915075,-7.198173733,-6.339839151,VUS,NA,NA,NA,,3.997338002,,,1,Not Pathogenic
G1748V,0,1,Inf,Inf,VUS,NA,NA,NA,,0.611632282,,,5,Pathogenic
G1763V,0,0.9993164616,7.287544006,8.145878588,VUS,0.9992908187,8.165154142,7.250689988,VUS,1.412374112,3,Uncertain,5,Pathogenic
G1770E,0,0.01029178676,-4.566063991,-3.707729409,VUS,NA,NA,NA,,3.791847356,,,2,Likely not pathogenic
G1770V,5,1,Inf,Inf,Path,NA,NA,NA,,0.1479690491,,,5,Pathogenic
G1788D,0,0.05388988438,-2.865416177,-2.007081595,VUS,0.07013874109,-1.67009594,-2.584560095,VUS,3.579113239,3,Uncertain,3,Uncertain
G1788V,5,1,Inf,Inf,Path,1,Inf,Inf,Path,0.2628427483,5,Pathogenic,5,Pathogenic
G1803A,0,1,Inf,Inf,VUS,1,34.81805138,33.90358723,VUS,0.5834987809,5,Pathogenic,5,Pathogenic
H1402R,0,0.003735075679,-5.58624513,-4.727910548,VUS,0.004712553367,-4.438337555,-5.352801709,VUS,3.786255398,2,Likely Not Pathogenic,2,Likely not pathogenic
H1402Y,1,0,#NAME?,#NAME?,Neut,0,#NAME?,#NAME?,Neut,4.25932583,1,Not Pathogenic,1,Not Pathogenic
H1421Y,0,0.0003572013506,-7.936853663,-7.078519081,VUS,0.0004587331542,-6.772118887,-7.686583042,VUS,4.263603167,2,Likely Not Pathogenic,1,Not Pathogenic
H1746D,0,1,Inf,Inf,VUS,NA,NA,NA,,0.4681581324,,,5,Pathogenic
H1746L,0,1,28.92888394,29.78721852,VUS,NA,NA,NA,,1.105254749,,,5,Pathogenic
H1746N,0,0.2666003577,-1.011940019,-0.1536054364,VUS,0.2928046382,0.03266282464,-0.8818013299,VUS,3.356021885,3,Uncertain,3,Uncertain
H1746P,0,0.9861216212,4.263447545,5.121782127,VUS,NA,NA,NA,,2.294111659,,,4,Likely Pathogenic
H1746Q,0,0.007846158678,-4.839854106,-3.981519524,VUS,NA,NA,NA,,3.785309832,,,2,Likely not pathogenic
H1746R,0,0.202298289,-1.371991445,-0.5136568634,VUS,NA,NA,NA,,3.453195658,,,3,Uncertain
H1746Y,0,0.9993090585,7.276764233,8.135098815,VUS,0.8212821976,2.439522891,1.525058736,VUS,2.288749865,3,Uncertain,5,Pathogenic
H1805L,0,0.0003573307849,-7.936491242,-7.07815666,VUS,0.0004667576525,-6.754769359,-7.669233514,VUS,3.932984325,2,Likely Not Pathogenic,1,Not Pathogenic
H1805P,0,0.0004672466476,-7.668185931,-6.809851349,VUS,0.0006903948035,-6.363092157,-7.277556312,VUS,3.976533388,2,Likely Not Pathogenic,1,Not Pathogenic
H1860P,0,0.0003653422726,-7.914310502,-7.05597592,VUS,0.0004520165676,-6.786875452,-7.701339606,VUS,4.024695405,2,Likely Not Pathogenic,1,Not Pathogenic
H1862L,0,0.0003517040561,-7.95236872,-7.094034138,VUS,0.0008119927471,-6.200742673,-7.115206827,VUS,4.306516698,2,Likely Not Pathogenic,1,Not Pathogenic
I1405V,2,0,#NAME?,#NAME?,Neut,0.0008245952412,-6.185328819,-7.099792973,VUS,3.922436657,2,Likely Not Pathogenic,1,Not Pathogenic
I1432L,0,0.0002790028174,-8.184009636,-7.325675054,VUS,0.0005760773867,-6.544228156,-7.458692311,VUS,4.047815622,2,Likely Not Pathogenic,1,Not Pathogenic
I1529V,2,0,#NAME?,#NAME?,Neut,0.0005869143822,-6.525580364,-7.440044519,VUS,3.97919051,2,Likely Not Pathogenic,1,Not Pathogenic
I1568V,0,0.001491896133,-6.506214385,-5.647879803,VUS,0.001809109272,-5.398645768,-6.313109922,VUS,3.849836683,2,Likely Not Pathogenic,2,Likely not pathogenic
I1766S,5,1,Inf,Inf,Path,1,Inf,Inf,Path,0.4058940123,5,Pathogenic,5,Pathogenic
I1858L,1,0,#NAME?,#NAME?,Neut,0.0004447333281,-6.803126731,-7.717590886,VUS,4.011552478,2,Likely Not Pathogenic,1,Not Pathogenic
K1322E,0,0.0002273114362,-8.388962178,-7.530627596,VUS,0.000298252317,-7.202808277,-8.117272431,VUS,4.155652231,2,Likely Not Pathogenic,1,Not Pathogenic
K1487R,0,0.008108283063,-4.806727806,-3.948393223,VUS,0.009802120646,-3.700841892,-4.615306047,VUS,3.742054378,2,Likely Not Pathogenic,2,Likely not pathogenic
K1601E,0,0.0003303455769,-8.015040848,-7.156706266,VUS,0.0004450945885,-6.802314392,-7.716778546,VUS,4.010705932,2,Likely Not Pathogenic,1,Not Pathogenic
K1606E,1,0,#NAME?,#NAME?,Neut,0.0003537600543,-7.03207371,-7.946537865,VUS,4.051796366,2,Likely Not Pathogenic,1,Not Pathogenic
K1648E,0,0.0006009626762,-7.416376585,-6.558042003,VUS,NA,NA,NA,,3.96496032,,,1,Not Pathogenic
K1648I,0,0.0003785154672,-7.878875034,-7.020540452,VUS,NA,NA,NA,,4.060368002,,,1,Not Pathogenic
K1648N,0,0.0006053909702,-7.409030503,-6.550695921,VUS,NA,NA,NA,,4.023931931,,,1,Not Pathogenic
K1648Q,0,0.0004117862366,-7.794594315,-6.936259733,VUS,NA,NA,NA,,4.012084908,,,1,Not Pathogenic
K1648R,0,0.000323245935,-8.036773817,-7.178439235,VUS,NA,NA,NA,,4.057369674,,,1,Not Pathogenic
K1648T,0,0.0009442729069,-6.964150618,-6.105816036,VUS,NA,NA,NA,,3.934890113,,,1,Not Pathogenic
K1759M,0,0.0004563315949,-7.691834395,-6.833499813,VUS,NA,NA,NA,,3.998337114,,,1,Not Pathogenic
K1759N,0,0.001585936358,-6.444993089,-5.586658507,VUS,NA,NA,NA,,3.906748236,,,2,Likely not pathogenic
K1759R,0,0.001197208997,-6.726564341,-5.868229759,VUS,NA,NA,NA,,3.902485358,,,2,Likely not pathogenic
L1317F,0,0.0008204453813,-7.104842435,-6.246507853,VUS,0.001400142738,-5.655315814,-6.569779968,VUS,3.903608639,2,Likely Not Pathogenic,1,Not Pathogenic
L1404P,0,0.05241328878,-2.894758287,-2.036423705,VUS,0.05129495524,-2.00304138,-2.917505535,VUS,3.622033612,3,Uncertain,3,Uncertain
L1407P,0,0.997586661,6.024327741,6.882662323,VUS,0.9965620949,6.583913309,5.669449155,VUS,2.473297378,3,Uncertain,5,Pathogenic
L1517F,0,0.0002943800452,-8.130344531,-7.272009949,VUS,0.0003691512637,-6.989470695,-7.90393485,VUS,4.104909536,2,Likely Not Pathogenic,1,Not Pathogenic
L1539P,0,0.002191560616,-6.120947413,-5.262612831,VUS,0.002363198679,-5.130909055,-6.04537321,VUS,3.854306286,2,Likely Not Pathogenic,2,Likely not pathogenic
L1553M,2,0,#NAME?,#NAME?,Neut,0.001256282175,-5.763877348,-6.678341502,VUS,3.903765734,2,Likely Not Pathogenic,1,Not Pathogenic
L1564P,1,0,#NAME?,#NAME?,Neut,0,#NAME?,#NAME?,Neut,3.854661889,1,Not Pathogenic,1,Not Pathogenic
L1570F,0,0.0003652594859,-7.91453721,-7.056202628,VUS,0.0004420804301,-6.809112391,-7.723576546,VUS,4.013515562,2,Likely Not Pathogenic,1,Not Pathogenic
L1600F,0,0.0003298419669,-8.01656701,-7.158232428,VUS,0.0004233027785,-6.8525353,-7.766999454,VUS,4.259814329,2,Likely Not Pathogenic,1,Not Pathogenic
L1605V,0,0.0004081734265,-7.803410152,-6.94507557,VUS,0.0005489498776,-6.592490163,-7.506954318,VUS,3.977061574,2,Likely Not Pathogenic,1,Not Pathogenic
L1664P,0,0,#NAME?,#NAME?,Neut,0,#NAME?,#NAME?,Neut,3.739321622,1,Not Pathogenic,1,Not Pathogenic
L1679Q,0,0.0002009186057,-8.51240974,-7.654075158,VUS,0.0002758345114,-7.280969441,-8.195433596,VUS,4.066973488,2,Likely Not Pathogenic,1,Not Pathogenic
L1764P,5,1,Inf,Inf,Path,1,Inf,Inf,Path,0.3333969099,5,Pathogenic,5,Pathogenic
L1780P,0,1,35.12736266,35.98569724,VUS,1,31.21671821,30.30225405,VUS,0.7167329124,5,Pathogenic,5,Pathogenic
L1786P,0,1,Inf,Inf,VUS,NA,NA,NA,,0.5203815186,,,5,Pathogenic
L1844P,0,0.0004277979743,-7.756431607,-6.898097025,VUS,0.000607592559,-6.490934102,-7.405398257,VUS,3.885439362,2,Likely Not Pathogenic,1,Not Pathogenic
L1844R,1,0,#NAME?,#NAME?,Neut,0,#NAME?,#NAME?,Neut,3.892090613,1,Not Pathogenic,1,Not Pathogenic
L1854P,0,0.9999999995,21.34283041,22.20116499,VUS,0.9999999996,22.63977503,21.72531087,VUS,1.423290329,5,Pathogenic,5,Pathogenic
M1400I,0,0.0008129548964,-7.114021642,-6.25568706,VUS,0.001240670941,-5.776397368,-6.690861523,VUS,3.897111434,2,Likely Not Pathogenic,1,Not Pathogenic
M1400T,0,0.001725546031,-6.360484702,-5.50215012,VUS,0.001136919968,-5.863830734,-6.778294889,VUS,3.88330286,2,Likely Not Pathogenic,2,Likely not pathogenic
M1400V,0,0.0007720164395,-7.165732399,-6.307397817,VUS,0.0008195894822,-6.191422894,-7.105887049,VUS,3.908221757,2,Likely Not Pathogenic,1,Not Pathogenic
M1411T,0,0.9768931631,3.744248753,4.602583335,VUS,0.9840584955,5.037223444,4.12275929,VUS,2.348887464,3,Uncertain,4,Likely Pathogenic
M1628I,0,0.0003921460692,-7.843483939,-6.985149357,VUS,0.0007109850901,-6.333683706,-7.248147861,VUS,4.011906486,2,Likely Not Pathogenic,1,Not Pathogenic
M1628T,1,0,#NAME?,#NAME?,Neut,0,#NAME?,#NAME?,Neut,3.899197491,1,Not Pathogenic,1,Not Pathogenic
M1628V,0,0.0008370691734,-7.084766427,-6.226431845,VUS,0.001557368729,-5.548734857,-6.463199012,VUS,3.917543828,2,Likely Not Pathogenic,1,Not Pathogenic
M1650K,0,0.002461053954,-6.004701497,-5.146366915,VUS,NA,NA,NA,,3.863632783,,,2,Likely not pathogenic
M1650L,0,0.00106494655,-6.843765155,-5.985430573,VUS,NA,NA,NA,,3.940166352,,,2,Likely not pathogenic
M1650R,0,0.001600848371,-6.435619427,-5.577284845,VUS,NA,NA,NA,,3.898510014,,,2,Likely not pathogenic
M1650T,0,0.000582656996,-7.447329061,-6.588994479,VUS,NA,NA,NA,,3.987284602,,,1,Not Pathogenic
M1650V,0,0.0006089648723,-7.403140822,-6.54480624,VUS,NA,NA,NA,,3.987921507,,,1,Not Pathogenic
M1652I,1,0,#NAME?,#NAME?,Neut,0,#NAME?,#NAME?,Neut,3.63997606,1,Not Pathogenic,1,Not Pathogenic
M1652K,0,1,Inf,Inf,VUS,1,Inf,Inf,VUS,-0.2355112085,5,Pathogenic,5,Pathogenic
M1652T,1,0,#NAME?,#NAME?,Neut,0,#NAME?,#NAME?,Neut,3.967531273,1,Not Pathogenic,1,Not Pathogenic
M1663K,0,0.0003816818189,-7.870541477,-7.012206895,VUS,0.0005872480896,-6.525011612,-7.439475767,VUS,3.996570538,2,Likely Not Pathogenic,1,Not Pathogenic
M1663L,0,0.003059965548,-5.786286965,-4.927952383,VUS,0.003329664316,-4.787084412,-5.701548566,VUS,3.850239969,3,Uncertain,2,Likely not pathogenic
M1689R,4,1,Inf,Inf,Path,1,Inf,Inf,Path,1.196265069,5,Pathogenic,5,Pathogenic
M1689T,0,0.4735439207,-0.1059232419,0.7524113402,VUS,0.464467336,0.7720935042,-0.1423706504,VUS,2.990645996,3,Uncertain,3,Uncertain
M1775K,5,1,Inf,Inf,Path,1,Inf,Inf,Path,0.8297213274,5,Pathogenic,5,Pathogenic
M1775R,5,1,Inf,Inf,Path,1,Inf,Inf,Path,0,5,Pathogenic,5,Pathogenic
M1783I,0,0.001204607735,-6.720395962,-5.86206138,VUS,0.001236703431,-5.77960434,-6.694068494,VUS,3.900582434,2,Likely Not Pathogenic,2,Likely not pathogenic
M1783L,0,0.0004506590583,-7.704348712,-6.84601413,VUS,0.0005752836021,-6.545607814,-7.460071969,VUS,3.997730136,2,Likely Not Pathogenic,1,Not Pathogenic
M1783T,0,0.2020324512,-1.373639597,-0.5153050147,VUS,0.2068576217,-0.4295078563,-1.343972011,VUS,3.39089208,3,Uncertain,3,Uncertain
N1468H,1,0,#NAME?,#NAME?,Neut,0.0003842348069,-6.949408253,-7.863872407,VUS,4.039572535,2,Likely Not Pathogenic,1,Not Pathogenic
N1647K,0,0.0003623890608,-7.922429715,-7.064095133,VUS,0.0005130929929,-6.660076077,-7.574540232,VUS,3.96550578,2,Likely Not Pathogenic,1,Not Pathogenic
N1730S,2,0,#NAME?,#NAME?,Neut,0.0005061571263,-6.673692971,-7.588157125,VUS,4.025630456,2,Likely Not Pathogenic,1,Not Pathogenic
N1742I,0,0.000992241863,-6.914550932,-6.05621635,VUS,NA,NA,NA,,3.925867448,,,1,Not Pathogenic
N1742K,0,0.00318578568,-5.745865468,-4.887530886,VUS,NA,NA,NA,,3.84918296,,,2,Likely not pathogenic
N1742Y,0,0.0002607492984,-8.251690371,-7.393355789,VUS,NA,NA,NA,,4.064260893,,,1,Not Pathogenic
N1745D,0,0.0007014265998,-7.261692624,-6.403358042,VUS,NA,NA,NA,,3.922067823,,,1,Not Pathogenic
N1745H,0,0.001724194436,-6.361269649,-5.502935067,VUS,NA,NA,NA,,3.827251524,,,2,Likely not pathogenic
N1745I,0,0.000291668388,-8.139601348,-7.281266765,VUS,NA,NA,NA,,4.024962155,,,1,Not Pathogenic
N1745K,0,0.0002797285659,-8.181411065,-7.323076483,VUS,NA,NA,NA,,4.058484716,,,1,Not Pathogenic
N1745S,0,0.001903944616,-6.261921672,-5.40358709,VUS,NA,NA,NA,,3.845506186,,,2,Likely not pathogenic
N1745T,0,0.0005866751102,-7.440452519,-6.582117937,VUS,NA,NA,NA,,3.926834972,,,1,Not Pathogenic
N1745Y,0,0.0002295864313,-8.37900138,-7.520666798,VUS,NA,NA,NA,,4.072471976,,,1,Not Pathogenic
N1819S,2,0,#NAME?,#NAME?,Neut,0.0005408589415,-6.60734689,-7.521811044,VUS,4.0157577,2,Likely Not Pathogenic,1,Not Pathogenic
N1819Y,0,0.0002611811454,-8.250035132,-7.39170055,VUS,0.0005240469827,-6.638940877,-7.553405032,VUS,4.224601092,2,Likely Not Pathogenic,1,Not Pathogenic
P1430S,2,0,#NAME?,#NAME?,Neut,0.0005213029597,-6.644193595,-7.55865775,VUS,4.003104378,2,Likely Not Pathogenic,1,Not Pathogenic
P1469S,0,0.0003889247469,-7.851735685,-6.993401103,VUS,0.0004201614102,-6.859987206,-7.774451361,VUS,4.015310172,2,Likely Not Pathogenic,1,Not Pathogenic
P1502S,0,0.0003449120244,-7.971876204,-7.113541622,VUS,0.0004398318968,-6.814213874,-7.728678028,VUS,3.996063788,2,Likely Not Pathogenic,1,Not Pathogenic
P1544L,0,0.0002802289961,-8.179623178,-7.321288596,VUS,0.000393804822,-6.92479711,-7.839261265,VUS,4.05914327,2,Likely Not Pathogenic,1,Not Pathogenic
P1562L,0,0.0002352001109,-8.354838643,-7.496504061,VUS,0.0003497156198,-7.043576317,-7.958040472,VUS,4.183225113,2,Likely Not Pathogenic,1,Not Pathogenic
P1575H,0,0.0006285968058,-7.371391721,-6.513057139,VUS,0.000915054005,-6.081147845,-6.995612,VUS,3.920127833,2,Likely Not Pathogenic,1,Not Pathogenic
P1579A,0,0.0007287974512,-7.223385646,-6.365051064,VUS,0.0006333271566,-6.449425752,-7.363889907,VUS,3.933934428,2,Likely Not Pathogenic,1,Not Pathogenic
P1614S,1,0,#NAME?,#NAME?,Neut,0,#NAME?,#NAME?,Neut,4.035084201,1,Not Pathogenic,1,Not Pathogenic
P1637L,1,0,#NAME?,#NAME?,Neut,0.0003570312187,-7.022866083,-7.937330238,VUS,4.072793443,2,Likely Not Pathogenic,1,Not Pathogenic
P1749A,0,0.0003052103472,-8.094204099,-7.235869517,VUS,NA,NA,NA,,4.02377457,,,1,Not Pathogenic
P1749L,0,1,Inf,Inf,VUS,NA,NA,NA,,0.3301746745,,,5,Pathogenic
P1749Q,0,1,Inf,Inf,VUS,NA,NA,NA,,0.3924540467,,,5,Pathogenic
P1749R,0,1,Inf,Inf,VUS,1,33.89006461,32.97560045,VUS,0.556760845,5,Pathogenic,5,Pathogenic
P1749S,0,0.9715041829,3.529088267,4.387422849,VUS,NA,NA,NA,,2.191862825,,,4,Likely Pathogenic
P1749T,0,0.05338645113,-2.875333941,-2.016999359,VUS,NA,NA,NA,,3.673013844,,,3,Uncertain
P1771L,0,0.006138917886,-5.086948954,-4.228614372,VUS,0.006332355706,-4.141266318,-5.055730473,VUS,3.790001498,3,Uncertain,2,Likely not pathogenic
P1771R,2,0,#NAME?,#NAME?,Neut,0.003832728577,-4.64587406,-5.560338215,VUS,3.847827873,2,Likely Not Pathogenic,1,Not Pathogenic
P1776H,2,0,#NAME?,#NAME?,Neut,0.0004229452884,-6.85338054,-7.767844694,VUS,4.08461148,2,Likely Not Pathogenic,1,Not Pathogenic
P1776L,0,0.0002489539872,-8.297993484,-7.439658902,VUS,NA,NA,NA,,4.144904419,,,1,Not Pathogenic
P1806A,0,0.0004679721934,-7.666633598,-6.808299016,VUS,0.0006751287462,-6.385467639,-7.299931793,VUS,3.990598711,2,Likely Not Pathogenic,1,Not Pathogenic
P1812A,0,0.002249308526,-6.09488059,-5.236546007,VUS,0.003449535869,-4.751595934,-5.666060088,VUS,3.883416173,2,Likely Not Pathogenic,2,Likely not pathogenic
P1856S,0,0.0002957584206,-8.125671781,-7.267337199,VUS,0.0004468646451,-6.798343697,-7.712807852,VUS,4.058171324,2,Likely Not Pathogenic,1,Not Pathogenic
P1859R,1,0,#NAME?,#NAME?,Neut,0,#NAME?,#NAME?,Neut,3.945662958,1,Not Pathogenic,1,Not Pathogenic
Q1388L,0,0.0002504667961,-8.291933699,-7.433599117,VUS,0.0003588435881,-7.01780089,-7.932265044,VUS,4.219635908,2,Likely Not Pathogenic,1,Not Pathogenic
Q1395R,0,0.002953496235,-5.82180778,-4.963473198,VUS,0.003821006668,-4.648948886,-5.56341304,VUS,3.787227771,2,Likely Not Pathogenic,2,Likely not pathogenic
Q1604R,0,0.0009098630685,-7.001306167,-6.142971585,VUS,0.0009192503532,-6.076568226,-6.99103238,VUS,3.923221597,2,Likely Not Pathogenic,1,Not Pathogenic
Q1747E,0,0.002215115785,-6.110233031,-5.251898449,VUS,NA,NA,NA,,3.917569804,,,2,Likely not pathogenic
Q1747H,0,0.0003382421508,-7.991410197,-7.133075615,VUS,NA,NA,NA,,4.027593382,,,1,Not Pathogenic
Q1747K,0,0.002192956532,-6.120309266,-5.261974684,VUS,NA,NA,NA,,3.888317482,,,2,Likely not pathogenic
Q1747L,0,0.0002522140525,-8.28498017,-7.426645588,VUS,NA,NA,NA,,4.099684445,,,1,Not Pathogenic
Q1747P,0,1,32.15183309,33.01016767,VUS,NA,NA,NA,,0.8072342809,,,5,Pathogenic
Q1747R,0,0.001085854289,-6.824301795,-5.965967213,VUS,NA,NA,NA,,3.929011047,,,2,Likely not pathogenic
Q1785H,0,0.03435539856,-3.33603669,-2.477702107,VUS,0.03782235763,-2.321834539,-3.236298694,VUS,3.630957218,3,Uncertain,2,Likely not pathogenic
Q1811R,0,1,Inf,Inf,VUS,1,36.95811754,36.04365339,VUS,0.6509622119,5,Pathogenic,5,Pathogenic
Q1826H,0,0.002348063643,-6.051813448,-5.193478866,VUS,0.002089056425,-5.25448739,-6.168951545,VUS,3.818931752,2,Likely Not Pathogenic,2,Likely not pathogenic
R1443G,1,0,#NAME?,#NAME?,Neut,0,#NAME?,#NAME?,Neut,3.70530659,1,Not Pathogenic,1,Not Pathogenic
R1443Q,0,0.0002905054144,-8.143597796,-7.285263214,VUS,0.0005486107044,-6.593108552,-7.507572706,VUS,4.033591288,2,Likely Not Pathogenic,1,Not Pathogenic
R1495K,0,0.000590979632,-7.43313785,-6.574803268,VUS,0.0008719684265,-6.129420839,-7.043884994,VUS,3.952541578,2,Likely Not Pathogenic,1,Not Pathogenic
R1495M,0,0.0004947607212,-7.610941421,-6.752606839,VUS,0.0008863405755,-6.113058396,-7.027522551,VUS,3.936771055,1,Not Pathogenic,1,Not Pathogenic
R1507T,2,0,#NAME?,#NAME?,Neut,0.0003250585243,-7.116716051,-8.031180206,VUS,4.08787465,2,Likely Not Pathogenic,1,Not Pathogenic
R1589C,0,0.0003679213454,-7.907273389,-7.048938807,VUS,0.0004081715855,-6.88895051,-7.803414664,VUS,4.018813419,2,Likely Not Pathogenic,1,Not Pathogenic
R1589H,2,0,#NAME?,#NAME?,Neut,0.0006451605684,-6.430901806,-7.34536596,VUS,3.998462341,2,Likely Not Pathogenic,1,Not Pathogenic
R1645G,0,0.0003078973738,-8.085436088,-7.227101506,VUS,0.0004484672022,-6.794762285,-7.709226439,VUS,4.040463181,2,Likely Not Pathogenic,1,Not Pathogenic
R1645M,0,0.0003328785504,-8.007399914,-7.149065332,VUS,0.0004638926395,-6.760929258,-7.675393413,VUS,4.000386011,2,Likely Not Pathogenic,1,Not Pathogenic
R1645S,0,0.0002897634066,-8.146156002,-7.28782142,VUS,0.0003922731234,-6.928695713,-7.843159867,VUS,4.040645484,2,Likely Not Pathogenic,1,Not Pathogenic
R1645T,0,0.0002703654783,-8.215465489,-7.357130907,VUS,0.0004139279079,-6.874940567,-7.789404721,VUS,4.052428328,2,Likely Not Pathogenic,1,Not Pathogenic
R1649G,0,0.0008958884624,-7.016798347,-6.158463765,VUS,NA,NA,NA,,3.931760862,,,1,Not Pathogenic
R1649I,0,0.0006835831929,-7.287478376,-6.429143794,VUS,NA,NA,NA,,3.937459234,,,1,Not Pathogenic
R1649K,0,0.0009735609734,-6.933576067,-6.075241485,VUS,NA,NA,NA,,3.994018497,,,1,Not Pathogenic
R1649S,0,0.000475129811,-7.651447262,-6.79311268,VUS,NA,NA,NA,,3.979323663,,,1,Not Pathogenic
R1649T,0,0.000823327976,-7.101332257,-6.242997675,VUS,NA,NA,NA,,3.938576461,,,1,Not Pathogenic
R1699L,0,0.9999999953,19.17738468,20.03571926,VUS,0.9999998579,16.6814237,15.76695954,VUS,1.526808392,5,Pathogenic,5,Pathogenic
R1699P,0,0.009785864196,-4.616982303,-3.758647721,VUS,0.01183350641,-3.510452011,-4.424916165,VUS,3.738452954,3,Uncertain,2,Likely not pathogenic
R1699Q,5,1,Inf,Inf,Path,1,Inf,Inf,Path,0.2408159748,5,Pathogenic,5,Pathogenic
R1699W,5,1,Inf,Inf,Path,1,Inf,Inf,Path,1.753574949,5,Pathogenic,5,Pathogenic
R1726G,0,0.5944640293,0.3824506318,1.240785214,VUS,0.6005038668,1.322029149,0.4075649945,VUS,2.975687834,3,Uncertain,3,Uncertain
R1737G,0,0.04868449452,-2.972485178,-2.114150596,VUS,NA,NA,NA,,3.672242962,,,2,Likely not pathogenic
R1737I,0,0.0002501191381,-8.293323051,-7.434988469,VUS,NA,NA,NA,,4.098334694,,,1,Not Pathogenic
R1737S,0,0.00538452421,-5.218827254,-4.360492672,VUS,NA,NA,NA,,3.773992382,,,2,Likely not pathogenic
R1737T,0,0.000253091986,-8.28150443,-7.423169848,VUS,NA,NA,NA,,4.070027451,,,1,Not Pathogenic
R1751G,0,0.9999999849,18.00623553,18.86457011,VUS,NA,NA,NA,,1.368670521,,,5,Pathogenic
R1751L,0,0.009156624332,-4.684078887,-3.825744305,VUS,NA,NA,NA,,3.784819563,,,2,Likely not pathogenic
R1751P,0,1,Inf,Inf,VUS,1,Inf,Inf,VUS,-0.01487895094,5,Pathogenic,5,Pathogenic
R1751Q,1,0,#NAME?,#NAME?,Neut,0,#NAME?,#NAME?,Neut,3.670721134,1,Not Pathogenic,1,Not Pathogenic
R1753G,0,1,Inf,Inf,VUS,NA,NA,NA,,0.1625801068,,,5,Pathogenic
R1753I,0,1,Inf,Inf,VUS,NA,NA,NA,,0.5381977332,,,5,Pathogenic
R1753K,0,0.9999314117,9.587319483,10.44565407,VUS,NA,NA,NA,,1.695322341,,,5,Pathogenic
R1753S,0,1,Inf,Inf,VUS,NA,NA,NA,,0.3270988029,,,5,Pathogenic
R1753T,0,1,Inf,Inf,VUS,1,Inf,Inf,VUS,0.3050944565,5,Pathogenic,5,Pathogenic
R1758I,0,0.0002925179967,-8.136691805,-7.278357223,VUS,NA,NA,NA,,4.052959582,,,1,Not Pathogenic
R1758S,0,0.0009780147368,-6.929007326,-6.070672744,VUS,NA,NA,NA,,3.904363534,,,1,Not Pathogenic
R1835P,0,0.0002837735177,-8.167050297,-7.308715715,VUS,0.0003514725471,-7.038563263,-7.953027418,VUS,4.210551681,2,Likely Not Pathogenic,1,Not Pathogenic
R1835Q,2,0,#NAME?,#NAME?,Neut,0.0002950095192,-7.213743726,-8.128207881,VUS,4.081539478,2,Likely Not Pathogenic,1,Not Pathogenic
S1360G,0,0.002382191111,-6.037349547,-5.179014965,VUS,0.003691757144,-4.68349,-5.597954155,VUS,3.821098707,2,Likely Not Pathogenic,2,Likely not pathogenic
S1370F,0,0.0002851939663,-8.162055791,-7.303721209,VUS,0.0003872154127,-6.941677953,-7.856142107,VUS,4.246871774,2,Likely Not Pathogenic,1,Not Pathogenic
S1448G,2,0,#NAME?,#NAME?,Neut,0.0004384552616,-6.817350071,-7.731814226,VUS,4.007474699,2,Likely Not Pathogenic,1,Not Pathogenic
S1448T,0,0.000343329832,-7.976475575,-7.118140993,VUS,0.0004132129209,-6.876670098,-7.791134253,VUS,4.021804977,2,Likely Not Pathogenic,1,Not Pathogenic
S1457A,0,0.0004709716284,-7.66024162,-6.801907038,VUS,0.0008925383879,-6.106083942,-7.020548097,VUS,3.948659136,2,Likely Not Pathogenic,1,Not Pathogenic
S1484T,0,0.0003077254363,-8.08599484,-7.227660258,VUS,0.000490566829,-6.7049942,-7.619458354,VUS,4.025532144,2,Likely Not Pathogenic,1,Not Pathogenic
S1486C,0,0.000261808872,-8.247633973,-7.389299391,VUS,0.0003540039225,-7.031384343,-7.945848498,VUS,4.074977364,2,Likely Not Pathogenic,1,Not Pathogenic
S1497A,0,0.0003697343905,-7.902355871,-7.044021289,VUS,0.0005166063658,-6.65324846,-7.567712615,VUS,3.995436477,2,Likely Not Pathogenic,1,Not Pathogenic
S1512C,0,0.0002524006787,-8.284240306,-7.425905724,VUS,0.0003067843033,-7.174594666,-8.089058821,VUS,4.144251682,2,Likely Not Pathogenic,1,Not Pathogenic
S1512I,1,0,#NAME?,#NAME?,Neut,0,#NAME?,#NAME?,Neut,4.032650962,1,Not Pathogenic,1,Not Pathogenic
S1524A,0,0.0004184225675,-7.778600199,-6.920265617,VUS,0.0005563477699,-6.579096317,-7.493560471,VUS,3.976680047,2,Likely Not Pathogenic,1,Not Pathogenic
S1542A,0,0.0003870801498,-7.856491626,-6.998157044,VUS,0.0005432759515,-6.602885591,-7.517349746,VUS,3.976209842,2,Likely Not Pathogenic,1,Not Pathogenic
S1542C,0,0.0004986320985,-7.603143255,-6.744808673,VUS,0.000447842623,-6.796156578,-7.710620732,VUS,4.000469753,2,Likely Not Pathogenic,1,Not Pathogenic
S1577P,0,0.0006581409654,-7.325433059,-6.467098477,VUS,0.000538603308,-6.611528333,-7.525992487,VUS,3.960486021,2,Likely Not Pathogenic,1,Not Pathogenic
S1577Y,0,0.0002370544597,-8.346983573,-7.488648991,VUS,NA,NA,NA,,4.195832082,,,1,Not Pathogenic
S1580F,0,0.0002378750871,-8.343526963,-7.485192381,VUS,0.0003368265109,-7.081141527,-7.995605681,VUS,4.170913406,2,Likely Not Pathogenic,1,Not Pathogenic
S1580Y,0,0.000236828479,-8.34793754,-7.489602958,VUS,0.0003407275998,-7.069622287,-7.984086442,VUS,4.188159814,2,Likely Not Pathogenic,1,Not Pathogenic
S1596L,0,0.0002864195573,-8.157766378,-7.299431796,VUS,0.000432350552,-6.831377237,-7.745841392,VUS,4.034832463,2,Likely Not Pathogenic,1,Not Pathogenic
S1613C,0,0.001582000337,-6.447481944,-5.589147361,VUS,0.002855812522,-4.941074827,-5.855538982,VUS,3.843320146,2,Likely Not Pathogenic,2,Likely not pathogenic
S1613G,1,0,#NAME?,#NAME?,Neut,0,#NAME?,#NAME?,Neut,4.127430832,1,Not Pathogenic,1,Not Pathogenic
S1631N,0,0.0003716713108,-7.897128927,-7.038794345,VUS,0.0004201376248,-6.860043842,-7.774507996,VUS,4.029401462,2,Likely Not Pathogenic,1,Not Pathogenic
S1651A,0,0.0004153706276,-7.785923901,-6.927589319,VUS,NA,NA,NA,,3.999521679,,,1,Not Pathogenic
S1651C,0,0.0006374422814,-7.357409179,-6.499074596,VUS,NA,NA,NA,,3.98350813,,,1,Not Pathogenic
S1651F,0,0.2015020685,-1.37693273,-0.5185981483,VUS,0.2182561415,-0.3613936518,-1.275857806,VUS,3.468982656,3,Uncertain,3,Uncertain
S1651P,0,1,Inf,Inf,VUS,NA,NA,NA,,0.1203511343,,,5,Pathogenic
S1651Y,0,0.0007042901334,-7.257615627,-6.399281045,VUS,NA,NA,NA,,3.961862381,,,1,Not Pathogenic
S1655F,0,1,28.42270323,29.28103782,VUS,1,25.33637803,24.42191388,VUS,1.08380014,5,Pathogenic,5,Pathogenic
S1715C,0,1,36.73680057,37.59513515,VUS,1,26.81221336,25.89774921,VUS,0.5662943696,5,Pathogenic,5,Pathogenic
S1715N,5,1,Inf,Inf,Path,1,29.23676893,28.32230478,VUS,0.7595760589,5,Pathogenic,5,Pathogenic
S1715R,5,1,Inf,Inf,Path,1,Inf,Inf,Path,0.9008436402,5,Pathogenic,5,Pathogenic
S1722F,0,1,Inf,Inf,VUS,1,Inf,Inf,VUS,0.5250555054,5,Pathogenic,5,Pathogenic
S1755C,0,0.0002852564743,-8.161836575,-7.303501993,VUS,NA,NA,NA,,4.082316158,,,1,Not Pathogenic
S1790Y,0,0.0002105839149,-8.465415732,-7.60708115,VUS,0.0002738322558,-7.28825682,-8.202720975,VUS,4.209863535,2,Likely Not Pathogenic,1,Not Pathogenic
S1841N,0,1,Inf,Inf,VUS,1,33.73924172,32.82477756,VUS,0.6929003811,5,Pathogenic,5,Pathogenic
S1841R,0,0.999999999,20.70274577,21.56108035,VUS,0.9999999722,18.3113077,17.39684354,VUS,1.577961732,5,Pathogenic,5,Pathogenic
T1394I,0,0.0002340299903,-8.35982723,-7.501492648,VUS,0.0003204002467,-7.131154967,-8.045619121,VUS,4.166475366,2,Likely Not Pathogenic,1,Not Pathogenic
T1485I,0,0.0002617107822,-8.248008804,-7.389674221,VUS,0.0003183642812,-7.137531723,-8.051995877,VUS,4.099097065,2,Likely Not Pathogenic,1,Not Pathogenic
T1548M,0,0.0004823526015,-7.636352704,-6.778018122,VUS,0.0004067488423,-6.892443672,-7.806907826,VUS,4.020092698,2,Likely Not Pathogenic,1,Not Pathogenic
T1550I,0,0.0002714268824,-8.211546301,-7.353211719,VUS,0.0003640671887,-7.003343835,-7.91780799,VUS,4.080274667,2,Likely Not Pathogenic,1,Not Pathogenic
T1561I,0,0.000258029239,-8.262179587,-7.403845005,VUS,0.0003024346664,-7.188878648,-8.103342802,VUS,4.143242547,2,Likely Not Pathogenic,1,Not Pathogenic
T1597A,0,0.0008046866766,-7.124252567,-6.265917985,VUS,0.0008196400173,-6.191361187,-7.105825341,VUS,3.946504597,2,Likely Not Pathogenic,1,Not Pathogenic
T1685A,5,1,Inf,Inf,Path,1,Inf,Inf,Path,0.9060237023,5,Pathogenic,5,Pathogenic
T1685I,5,1,Inf,Inf,Path,1,Inf,Inf,Path,-0.010729358,5,Pathogenic,5,Pathogenic
T1691I,0,1,Inf,Inf,VUS,1,31.20713347,30.29266931,VUS,0.6596758336,5,Pathogenic,5,Pathogenic
T1691K,0,1,Inf,Inf,VUS,1,Inf,Inf,VUS,-0.3684153415,5,Pathogenic,5,Pathogenic
T1700A,0,0.9971534412,5.858793846,6.717128428,VUS,0.9939533997,6.016658306,5.102194152,VUS,2.490218158,3,Uncertain,5,Pathogenic
T1720A,1,0,#NAME?,#NAME?,Neut,0,#NAME?,#NAME?,Neut,3.988694929,1,Not Pathogenic,1,Not Pathogenic
T1720I,0,0.0004919330702,-7.616675833,-6.758341251,VUS,0.0005829202163,-6.532412987,-7.446877141,VUS,3.973196401,2,Likely Not Pathogenic,1,Not Pathogenic
T1773I,0,0.003395469015,-5.681912132,-4.82357755,VUS,0.004101413893,-4.57784951,-5.492313665,VUS,3.929787735,3,Uncertain,2,Likely not pathogenic
T1773S,0,0.003523176541,-5.644862872,-4.78652829,VUS,0.004490949357,-4.486725943,-5.401190097,VUS,3.835445696,2,Likely Not Pathogenic,2,Likely not pathogenic
V1534M,1,0,#NAME?,#NAME?,Neut,0,#NAME?,#NAME?,Neut,4.027647749,1,Not Pathogenic,1,Not Pathogenic
V1653M,0,1,35.63818828,36.49652286,VUS,1,28.96787936,28.0534152,VUS,0.7283057367,5,Pathogenic,5,Pathogenic
V1665A,0,0.0003225625095,-8.038890998,-7.180556416,VUS,NA,NA,NA,,4.00700617,,,1,Not Pathogenic
V1665E,0,1,Inf,Inf,VUS,NA,NA,NA,,0.3239678197,,,5,Pathogenic
V1665G,0,0.001393189858,-6.574765138,-5.716430556,VUS,NA,NA,NA,,3.831991582,,,2,Likely not pathogenic
V1665M,0,0.005101962159,-5.273015055,-4.414680472,VUS,0.006103254451,-4.178347024,-5.092811178,VUS,3.835857028,3,Uncertain,2,Likely not pathogenic
V1696L,0,0.01680868328,-4.068908111,-3.210573529,VUS,0.01655871488,-3.169681239,-4.084145394,VUS,3.650452389,3,Uncertain,2,Likely not pathogenic
V1713A,0,1,Inf,Inf,VUS,1,29.5432435,28.62877935,VUS,0.6560210305,5,Pathogenic,5,Pathogenic
V1714G,0,0.9995614274,7.731546514,8.589881096,VUS,0.9999940992,12.95488155,12.0404174,VUS,1.373048962,4,Likely Pathogenic,5,Pathogenic
V1719E,0,1,Inf,Inf,VUS,NA,NA,NA,,-0.08305416998,,,5,Pathogenic
V1736A,0,1,Inf,Inf,VUS,1,35.01220739,34.09774324,VUS,0.791468007,5,Pathogenic,5,Pathogenic
V1736G,4,1,Inf,Inf,Path,1,34.76089297,33.84642881,VUS,0.5510569385,5,Pathogenic,5,Pathogenic
V1740A,0,0.0006288028808,-7.371063735,-6.512729153,VUS,NA,NA,NA,,3.933131614,,,1,Not Pathogenic
V1740E,0,0.008099723646,-4.807792631,-3.949458049,VUS,NA,NA,NA,,3.717570179,,,2,Likely not pathogenic
V1740G,0,0.000677342846,-7.296655421,-6.438320839,VUS,NA,NA,NA,,3.904001578,,,1,Not Pathogenic
V1740L,0,0.0002934394798,-8.133545659,-7.275211077,VUS,NA,NA,NA,,4.048099717,,,1,Not Pathogenic
V1740M,0,0.0002709821288,-8.213186666,-7.354852084,VUS,NA,NA,NA,,4.087192446,,,1,Not Pathogenic
V1741A,0,1,Inf,Inf,VUS,NA,NA,NA,,-0.04728448774,,,5,Pathogenic
V1741D,0,0.002094097947,-6.166536099,-5.308201517,VUS,NA,NA,NA,,3.838165148,,,2,Likely not pathogenic
V1741G,0,0.9990680779,6.977329017,7.835663599,VUS,0.9977992384,7.031212786,6.116748632,VUS,2.179041467,5,Pathogenic,5,Pathogenic
V1791L,0,0.0009135774222,-6.997228437,-6.138893855,VUS,0.0009311175413,-6.06372933,-6.978193485,VUS,3.911351438,2,Likely Not Pathogenic,1,Not Pathogenic
V1804A,0,0.000419198906,-7.776745748,-6.918411166,VUS,0.0004898941648,-6.706367012,-7.620831166,VUS,3.990160004,2,Likely Not Pathogenic,1,Not Pathogenic
V1804D,1,0,#NAME?,#NAME?,Neut,0,#NAME?,#NAME?,Neut,3.864458819,1,Not Pathogenic,1,Not Pathogenic
V1808A,0,0.002553267618,-5.967824789,-5.109490206,VUS,0.00385248097,-4.640713855,-5.55517801,VUS,3.803597978,2,Likely Not Pathogenic,2,Likely not pathogenic
V1809A,0,0.9862873857,4.275631621,5.133966203,VUS,0.9796382237,4.787988065,3.87352391,VUS,2.343664856,3,Uncertain,4,Likely Pathogenic
V1809F,0,1,Inf,Inf,VUS,1,Inf,Inf,VUS,0.1079464817,5,Pathogenic,5,Pathogenic
V1810G,0,1,31.10201097,31.96034555,VUS,1,27.04879704,26.13433288,VUS,1.030759308,5,Pathogenic,5,Pathogenic
V1833M,0,0.999603487,7.832405114,8.690739696,VUS,0.9982582163,7.265566405,6.351102251,VUS,2.41825376,4,Likely Pathogenic,5,Pathogenic
V1838E,5,1,Inf,Inf,Path,1,Inf,Inf,Path,1.793350151,5,Pathogenic,5,Pathogenic
W1718C,0,1,36.04365339,36.90198797,VUS,1,32.66083214,31.74636798,VUS,0.622259865,5,Pathogenic,5,Pathogenic
W1718S,0,1,28.85297735,29.71131194,VUS,1,25.06058976,24.14612561,VUS,1.0811827,5,Pathogenic,5,Pathogenic
W1837C,0,1,34.65735903,35.51569361,VUS,1,26.44938549,25.53492134,VUS,0.5691798538,5,Pathogenic,5,Pathogenic
W1837G,0,0.9999999506,16.82230843,17.68064302,VUS,0.9999999962,20.29187349,19.37740933,VUS,1.512060817,5,Pathogenic,5,Pathogenic
W1837R,0,1,Inf,Inf,VUS,1,Inf,Inf,VUS,0.11726683,5,Pathogenic,5,Pathogenic
W1837S,0,1,Inf,Inf,VUS,NA,NA,NA,,0.2125222659,,,5,Pathogenic
WT,0,0,#NAME?,#NAME?,Neut,0,#NAME?,#NAME?,Neut,4,1,Not Pathogenic,1,Not Pathogenic
Y1522C,0,0.0008424363555,-7.07836965,-6.220035068,VUS,0.001198069643,-5.811380706,-6.725844861,VUS,3.900103303,2,Likely Not Pathogenic,1,Not Pathogenic
Y1853C,0,1,32.74781652,33.60615111,VUS,1,27.21134228,26.29687813,VUS,0.933506566,5,Pathogenic,5,Pathogenic
Y1853X,0,1,Inf,Inf,Path,1,Inf,Inf,Path,0.1238821171,5,Pathogenic,5,Pathogenic